image,specie
0.jpg,BLACKBURNIAM WARBLER
1.jpg,HIMALAYAN MONAL
2.jpg,CALIFORNIA QUAIL
3.jpg,TAKAHE
4.jpg,AMERICAN REDSTART
5.jpg,LONG-EARED OWL
6.jpg,GOLDEN CHLOROPHONIA
7.jpg,BLACK-CAPPED CHICKADEE
8.jpg,EURASIAN MAGPIE
9.jpg,NORTHERN JACANA
10.jpg,STRAWBERRY FINCH
11.jpg,BEARDED BARBET
12.jpg,MARABOU STORK
13.jpg,WHITE TAILED TROPIC
14.jpg,AMERICAN GOLDFINCH
15.jpg,NORTHERN FLICKER
16.jpg,CANARY
17.jpg,RED FACED CORMORANT
18.jpg,STRAWBERRY FINCH
19.jpg,INCA TERN
20.jpg,HORNED GUAN
21.jpg,SRI LANKA BLUE MAGPIE
22.jpg,BLUE GROUSE
23.jpg,LILAC ROLLER
24.jpg,ROSY FACED LOVEBIRD
25.jpg,UMBRELLA BIRD
26.jpg,RED BROWED FINCH
27.jpg,CROWNED PIGEON
28.jpg,HARPY EAGLE
29.jpg,BALD EAGLE
30.jpg,SCARLET TANAGER
31.jpg,FAIRY BLUEBIRD
32.jpg,EURASIAN MAGPIE
33.jpg,KIWI
34.jpg,VICTORIA CROWNED PIGEON
35.jpg,BAR-TAILED GODWIT
36.jpg,GLOSSY IBIS
37.jpg,ARARIPE MANAKIN
38.jpg,ALEXANDRINE PARAKEET
39.jpg,SWINHOES PHEASANT
40.jpg,PELICAN
41.jpg,WILSONS BIRD OF PARADISE
42.jpg,D-ARNAUDS BARBET
43.jpg,KAGU
44.jpg,FIRE TAILLED MYZORNIS
45.jpg,SAND MARTIN
46.jpg,HOATZIN
47.jpg,RED WISKERED BULBUL
48.jpg,KAGU
49.jpg,RUFOUS KINGFISHER
50.jpg,AMERICAN BITTERN
51.jpg,GOLDEN EAGLE
52.jpg,ANNAS HUMMINGBIRD
53.jpg,GILA WOODPECKER
54.jpg,GRAY CATBIRD
55.jpg,BAY-BREASTED WARBLER
56.jpg,NICOBAR PIGEON
57.jpg,BLUE GROUSE
58.jpg,KILLDEAR
59.jpg,COMMON GRACKLE
60.jpg,CRIMSON SUNBIRD
61.jpg,YELLOW BELLIED FLOWERPECKER
62.jpg,JAVA SPARROW
63.jpg,BLACK FRANCOLIN
64.jpg,BLUE GROUSE
65.jpg,GANG GANG COCKATOO
66.jpg,SPOONBILL
67.jpg,RAINBOW LORIKEET
68.jpg,VENEZUELIAN TROUPIAL
69.jpg,YELLOW CACIQUE
70.jpg,MASKED LAPWING
71.jpg,SCARLET TANAGER
72.jpg,SCARLET IBIS
73.jpg,DOUBLE BARRED FINCH
74.jpg,CUBAN TODY
75.jpg,MALABAR HORNBILL
76.jpg,BLACK-NECKED GREBE
77.jpg,ROYAL FLYCATCHER
78.jpg,CRESTED AUKLET
79.jpg,RED TAILED HAWK
80.jpg,MIKADO  PHEASANT
81.jpg,MASKED LAPWING
82.jpg,CALIFORNIA QUAIL
83.jpg,PURPLE FINCH
84.jpg,BALD EAGLE
85.jpg,MALAGASY WHITE EYE
86.jpg,NORTHERN FLICKER
87.jpg,BANANAQUIT
88.jpg,CHARA DE COLLAR
89.jpg,GRAY PARTRIDGE
90.jpg,INDIAN BUSTARD
91.jpg,CRESTED CARACARA
92.jpg,EVENING GROSBEAK
93.jpg,KIWI
94.jpg,BEARDED REEDLING
95.jpg,ROADRUNNER
96.jpg,BLACK-CAPPED CHICKADEE
97.jpg,CASSOWARY
98.jpg,YELLOW CACIQUE
99.jpg,HORNED SUNGEM
100.jpg,DARK EYED JUNCO
101.jpg,KIWI
102.jpg,VARIED THRUSH
103.jpg,BALTIMORE ORIOLE
104.jpg,CERULEAN WARBLER
105.jpg,AFRICAN FIREFINCH
106.jpg,GYRFALCON
107.jpg,OSPREY
108.jpg,NOISY FRIARBIRD
109.jpg,AMERICAN BITTERN
110.jpg,HOUSE FINCH
111.jpg,AMERICAN COOT
112.jpg,PYGMY KINGFISHER
113.jpg,TAIWAN MAGPIE
114.jpg,CARMINE BEE-EATER
115.jpg,RUFOUS KINGFISHER
116.jpg,EASTERN ROSELLA
117.jpg,AMERICAN GOLDFINCH
118.jpg,YELLOW HEADED BLACKBIRD
119.jpg,BEARDED BELLBIRD
120.jpg,MALACHITE KINGFISHER
121.jpg,ALBATROSS
122.jpg,SHORT BILLED DOWITCHER
123.jpg,CUBAN TROGON
124.jpg,KILLDEAR
125.jpg,CROW
126.jpg,NORTHERN PARULA
127.jpg,FRIGATE
128.jpg,TOUCHAN
129.jpg,PURPLE SWAMPHEN
130.jpg,VULTURINE GUINEAFOWL
131.jpg,HORNBILL
132.jpg,ALEXANDRINE PARAKEET
133.jpg,PINK ROBIN
134.jpg,GOLDEN CHLOROPHONIA
135.jpg,NORTHERN GOSHAWK
136.jpg,COUCHS KINGBIRD
137.jpg,BAR-TAILED GODWIT
138.jpg,TIT MOUSE
139.jpg,RED TAILED HAWK
140.jpg,ENGGANO MYNA
141.jpg,ENGGANO MYNA
142.jpg,MIKADO  PHEASANT
143.jpg,HOUSE SPARROW
144.jpg,PARUS MAJOR
145.jpg,MALLARD DUCK
146.jpg,WATTLED CURASSOW
147.jpg,GREEN BROADBILL
148.jpg,CURL CRESTED ARACURI
149.jpg,TRUMPTER SWAN
150.jpg,RED BROWED FINCH
151.jpg,OSTRICH
152.jpg,BEARDED REEDLING
153.jpg,ASIAN CRESTED IBIS
154.jpg,BLACK-THROATED SPARROW
155.jpg,OKINAWA RAIL
156.jpg,CERULEAN WARBLER
157.jpg,SNOWY EGRET
158.jpg,RAZORBILL
159.jpg,CROWNED PIGEON
160.jpg,PYGMY KINGFISHER
161.jpg,MALLARD DUCK
162.jpg,OSPREY
163.jpg,TREE SWALLOW
164.jpg,EASTERN MEADOWLARK
165.jpg,BLUE HERON
166.jpg,HIMALAYAN MONAL
167.jpg,CROW
168.jpg,FRIGATE
169.jpg,YELLOW CACIQUE
170.jpg,RED TAILED THRUSH
171.jpg,AMERICAN AVOCET
172.jpg,SPOON BILED SANDPIPER
173.jpg,STORK BILLED KINGFISHER
174.jpg,FLAME TANAGER
175.jpg,BLUE HERON
176.jpg,COCK OF THE  ROCK
177.jpg,TEAL DUCK
178.jpg,MANDRIN DUCK
179.jpg,PURPLE GALLINULE
180.jpg,HORNED LARK
181.jpg,RUFOUS KINGFISHER
182.jpg,CANARY
183.jpg,BROWN THRASHER
184.jpg,DOUBLE BARRED FINCH
185.jpg,GREY PLOVER
186.jpg,COMMON HOUSE MARTIN
187.jpg,STEAMER DUCK
188.jpg,WHIMBREL
189.jpg,STRIPPED MANAKIN
190.jpg,FAIRY BLUEBIRD
191.jpg,ELEGANT TROGON
192.jpg,GUINEAFOWL
193.jpg,CAPUCHINBIRD
194.jpg,RAZORBILL
195.jpg,NORTHERN PARULA
196.jpg,FLAME TANAGER
197.jpg,RED HONEY CREEPER
198.jpg,SNOWY EGRET
199.jpg,EASTERN MEADOWLARK
200.jpg,VIOLET GREEN SWALLOW
201.jpg,NORTHERN GANNET
202.jpg,EMU
203.jpg,RED TAILED HAWK
204.jpg,GYRFALCON
205.jpg,BORNEAN BRISTLEHEAD
206.jpg,ALBATROSS
207.jpg,EASTERN TOWEE
208.jpg,KAGU
209.jpg,GUINEA TURACO
210.jpg,COMMON FIRECREST
211.jpg,CALIFORNIA GULL
212.jpg,CHARA DE COLLAR
213.jpg,CRESTED AUKLET
214.jpg,PARUS MAJOR
215.jpg,SCARLET IBIS
216.jpg,QUETZAL
217.jpg,BLACK FRANCOLIN
218.jpg,VERMILION FLYCATHER
219.jpg,GILA WOODPECKER
220.jpg,BLACK THROATED BUSHTIT
221.jpg,MARABOU STORK
222.jpg,SPOON BILED SANDPIPER
223.jpg,PEREGRINE FALCON
224.jpg,AMERICAN GOLDFINCH
225.jpg,EURASIAN MAGPIE
226.jpg,WATTLED CURASSOW
227.jpg,EMU
228.jpg,RED HEADED WOODPECKER
229.jpg,RED BEARDED BEE EATER
230.jpg,HORNED GUAN
231.jpg,OVENBIRD
232.jpg,GAMBELS QUAIL
233.jpg,BLACK THROATED WARBLER
234.jpg,GUINEA TURACO
235.jpg,EMPEROR PENGUIN
236.jpg,WHITE TAILED TROPIC
237.jpg,LILAC ROLLER
238.jpg,BLUE HERON
239.jpg,SRI LANKA BLUE MAGPIE
240.jpg,KOOKABURRA
241.jpg,KAKAPO
242.jpg,PINK ROBIN
243.jpg,SCARLET MACAW
244.jpg,SUPERB STARLING
245.jpg,GOLDEN PHEASANT
246.jpg,STORK BILLED KINGFISHER
247.jpg,OCELLATED TURKEY
248.jpg,RAINBOW LORIKEET
249.jpg,MIKADO  PHEASANT
250.jpg,LEARS MACAW
251.jpg,LONG-EARED OWL
252.jpg,NORTHERN GANNET
253.jpg,CEDAR WAXWING
254.jpg,BLACKBURNIAM WARBLER
255.jpg,ORANGE BRESTED BUNTING
256.jpg,KIWI
257.jpg,TURQUOISE MOTMOT
258.jpg,ENGGANO MYNA
259.jpg,AMERICAN PIPIT
260.jpg,RED NAPED TROGON
261.jpg,BALD EAGLE
262.jpg,MOURNING DOVE
263.jpg,GREEN JAY
264.jpg,AMERICAN KESTREL
265.jpg,RED HEADED DUCK
266.jpg,HORNED GUAN
267.jpg,RED WISKERED BULBUL
268.jpg,HORNED LARK
269.jpg,NORTHERN PARULA
270.jpg,IMPERIAL SHAQ
271.jpg,YELLOW BELLIED FLOWERPECKER
272.jpg,COMMON FIRECREST
273.jpg,EMPEROR PENGUIN
274.jpg,NOISY FRIARBIRD
275.jpg,HOOPOES
276.jpg,SMITHS LONGSPUR
277.jpg,BLACK VULTURE
278.jpg,HOUSE FINCH
279.jpg,CINNAMON TEAL
280.jpg,CASPIAN TERN
281.jpg,SHORT BILLED DOWITCHER
282.jpg,BEARDED BELLBIRD
283.jpg,GREEN BROADBILL
284.jpg,CROW
285.jpg,CHARA DE COLLAR
286.jpg,BLONDE CRESTED WOODPECKER
287.jpg,BALTIMORE ORIOLE
288.jpg,GILA WOODPECKER
289.jpg,CURL CRESTED ARACURI
290.jpg,ALEXANDRINE PARAKEET
291.jpg,CALIFORNIA GULL
292.jpg,NORTHERN PARULA
293.jpg,DOWNY WOODPECKER
294.jpg,CRESTED CARACARA
295.jpg,MANDRIN DUCK
296.jpg,ROYAL FLYCATCHER
297.jpg,AMERICAN AVOCET
298.jpg,TIT MOUSE
299.jpg,SANDHILL CRANE
300.jpg,GOLDEN PHEASANT
301.jpg,SHOEBILL
302.jpg,BANDED PITA
303.jpg,UMBRELLA BIRD
304.jpg,SWINHOES PHEASANT
305.jpg,RED HONEY CREEPER
306.jpg,BLONDE CRESTED WOODPECKER
307.jpg,RED NAPED TROGON
308.jpg,QUETZAL
309.jpg,SMITHS LONGSPUR
310.jpg,GOLD WING WARBLER
311.jpg,RED WISKERED BULBUL
312.jpg,NOISY FRIARBIRD
313.jpg,MARABOU STORK
314.jpg,CHUKAR PARTRIDGE
315.jpg,GANG GANG COCKATOO
316.jpg,GREY PLOVER
317.jpg,HOATZIN
318.jpg,EASTERN TOWEE
319.jpg,CERULEAN WARBLER
320.jpg,MYNA
321.jpg,BORNEAN LEAFBIRD
322.jpg,GANG GANG COCKATOO
323.jpg,CARMINE BEE-EATER
324.jpg,HOUSE FINCH
325.jpg,ANHINGA
326.jpg,BLACK-THROATED SPARROW
327.jpg,INDIGO BUNTING
328.jpg,BANDED PITA
329.jpg,AFRICAN CROWNED CRANE
330.jpg,TREE SWALLOW
331.jpg,LILAC ROLLER
332.jpg,RAZORBILL
333.jpg,TREE SWALLOW
334.jpg,GREAT POTOO
335.jpg,NORTHERN JACANA
336.jpg,PELICAN
337.jpg,INDIGO BUNTING
338.jpg,NORTHERN FLICKER
339.jpg,AMERICAN KESTREL
340.jpg,INDIGO BUNTING
341.jpg,GAMBELS QUAIL
342.jpg,COMMON STARLING
343.jpg,MOURNING DOVE
344.jpg,VIOLET GREEN SWALLOW
345.jpg,SPANGLED COTINGA
346.jpg,CLARKS NUTCRACKER
347.jpg,ORANGE BRESTED BUNTING
348.jpg,ELEGANT TROGON
349.jpg,YELLOW BELLIED FLOWERPECKER
350.jpg,SCARLET IBIS
351.jpg,BEARDED REEDLING
352.jpg,HORNED SUNGEM
353.jpg,OCELLATED TURKEY
354.jpg,REGENT BOWERBIRD
355.jpg,BORNEAN BRISTLEHEAD
356.jpg,RED WINGED BLACKBIRD
357.jpg,MALABAR HORNBILL
358.jpg,BEARDED BARBET
359.jpg,PEACOCK
360.jpg,INDIAN BUSTARD
361.jpg,COMMON HOUSE MARTIN
362.jpg,CACTUS WREN
363.jpg,CAPE MAY WARBLER
364.jpg,HORNED LARK
365.jpg,BLACK SKIMMER
366.jpg,CAPPED HERON
367.jpg,CACTUS WREN
368.jpg,TREE SWALLOW
369.jpg,HORNBILL
370.jpg,SPANGLED COTINGA
371.jpg,CLARKS NUTCRACKER
372.jpg,AMERICAN COOT
373.jpg,NORTHERN PARULA
374.jpg,RED HONEY CREEPER
375.jpg,EASTERN BLUEBIRD
376.jpg,BAY-BREASTED WARBLER
377.jpg,OSPREY
378.jpg,YELLOW CACIQUE
379.jpg,COCKATOO
380.jpg,BANDED PITA
381.jpg,NORTHERN CARDINAL
382.jpg,INDIAN PITTA
383.jpg,ORANGE BRESTED BUNTING
384.jpg,WILD TURKEY
385.jpg,RED BEARDED BEE EATER
386.jpg,BLACK-THROATED SPARROW
387.jpg,SNOWY EGRET
388.jpg,WALL CREAPER
389.jpg,OSTRICH
390.jpg,CURL CRESTED ARACURI
391.jpg,PEACOCK
392.jpg,COMMON STARLING
393.jpg,YELLOW BELLIED FLOWERPECKER
394.jpg,KAKAPO
395.jpg,ANNAS HUMMINGBIRD
396.jpg,GUINEA TURACO
397.jpg,COCKATOO
398.jpg,AMERICAN COOT
399.jpg,HOODED MERGANSER
400.jpg,HORNED SUNGEM
401.jpg,RUBY THROATED HUMMINGBIRD
402.jpg,BALTIMORE ORIOLE
403.jpg,LEARS MACAW
404.jpg,LEARS MACAW
405.jpg,MANDRIN DUCK
406.jpg,RED FACED CORMORANT
407.jpg,SORA
408.jpg,FAIRY BLUEBIRD
409.jpg,CANARY
410.jpg,CHUKAR PARTRIDGE
411.jpg,ENGGANO MYNA
412.jpg,CHIPPING SPARROW
413.jpg,HOATZIN
414.jpg,BAY-BREASTED WARBLER
415.jpg,NICOBAR PIGEON
416.jpg,PARADISE TANAGER
417.jpg,DOUBLE BRESTED CORMARANT
418.jpg,JABIRU
419.jpg,GREEN MAGPIE
420.jpg,YELLOW BELLIED FLOWERPECKER
421.jpg,BALI STARLING
422.jpg,RUFUOS MOTMOT
423.jpg,CAPE MAY WARBLER
424.jpg,LARK BUNTING
425.jpg,EURASIAN MAGPIE
426.jpg,RUFUOS MOTMOT
427.jpg,WOOD DUCK
428.jpg,COMMON GRACKLE
429.jpg,TASMANIAN HEN
430.jpg,KOOKABURRA
431.jpg,OVENBIRD
432.jpg,GUINEA TURACO
433.jpg,AFRICAN CROWNED CRANE
434.jpg,CINNAMON TEAL
435.jpg,GOLD WING WARBLER
436.jpg,SPLENDID WREN
437.jpg,HELMET VANGA
438.jpg,GREAT POTOO
439.jpg,BIRD OF PARADISE
440.jpg,FIRE TAILLED MYZORNIS
441.jpg,SANDHILL CRANE
442.jpg,D-ARNAUDS BARBET
443.jpg,SMITHS LONGSPUR
444.jpg,BLACK SWAN
445.jpg,OVENBIRD
446.jpg,BULWERS PHEASANT
447.jpg,WOOD DUCK
448.jpg,SORA
449.jpg,SPANGLED COTINGA
450.jpg,ELLIOTS  PHEASANT
451.jpg,GRAY CATBIRD
452.jpg,FRIGATE
453.jpg,BLACK-NECKED GREBE
454.jpg,TRUMPTER SWAN
455.jpg,LONG-EARED OWL
456.jpg,PARAKETT  AKULET
457.jpg,KAKAPO
458.jpg,SNOWY EGRET
459.jpg,RED FACED WARBLER
460.jpg,JABIRU
461.jpg,RED BROWED FINCH
462.jpg,DOUBLE BARRED FINCH
463.jpg,PYGMY KINGFISHER
464.jpg,COUCHS KINGBIRD
465.jpg,MOURNING DOVE
466.jpg,PINK ROBIN
467.jpg,BALD IBIS
468.jpg,CASSOWARY
469.jpg,FLAME TANAGER
470.jpg,RED BROWED FINCH
471.jpg,AMERICAN AVOCET
472.jpg,CALIFORNIA GULL
473.jpg,SCARLET IBIS
474.jpg,HOATZIN
475.jpg,SHORT BILLED DOWITCHER
476.jpg,BLUE GROUSE
477.jpg,MALLARD DUCK
478.jpg,GO AWAY BIRD
479.jpg,BAR-TAILED GODWIT
480.jpg,NICOBAR PIGEON
481.jpg,CUBAN TODY
482.jpg,HARPY EAGLE
483.jpg,CUBAN TODY
484.jpg,AMERICAN PIPIT
485.jpg,MOURNING DOVE
486.jpg,BELTED KINGFISHER
487.jpg,NORTHERN FLICKER
488.jpg,BLACK TAIL CRAKE
489.jpg,WATTLED CURASSOW
490.jpg,EASTERN BLUEBIRD
491.jpg,WALL CREAPER
492.jpg,BLUE GROUSE
493.jpg,BIRD OF PARADISE
494.jpg,GLOSSY IBIS
495.jpg,NORTHERN FLICKER
496.jpg,CRESTED NUTHATCH
497.jpg,BANDED BROADBILL
498.jpg,ROBIN
499.jpg,SPOONBILL
500.jpg,DOUBLE BRESTED CORMARANT
501.jpg,PHILIPPINE EAGLE
502.jpg,TAKAHE
503.jpg,BLACK & YELLOW bROADBILL
504.jpg,NORTHERN RED BISHOP
505.jpg,EURASIAN GOLDEN ORIOLE
506.jpg,AFRICAN CROWNED CRANE
507.jpg,GRAY PARTRIDGE
508.jpg,BALD IBIS
509.jpg,CASPIAN TERN
510.jpg,CANARY
511.jpg,GLOSSY IBIS
512.jpg,BROWN CREPPER
513.jpg,RED FACED WARBLER
514.jpg,WHITE THROATED BEE EATER
515.jpg,PURPLE GALLINULE
516.jpg,CHUKAR PARTRIDGE
517.jpg,INDIGO BUNTING
518.jpg,CANARY
519.jpg,GILA WOODPECKER
520.jpg,COCK OF THE  ROCK
521.jpg,FRIGATE
522.jpg,MALLARD DUCK
523.jpg,OCELLATED TURKEY
524.jpg,CHUKAR PARTRIDGE
525.jpg,JABIRU
526.jpg,BARN SWALLOW
527.jpg,GREEN JAY
528.jpg,NICOBAR PIGEON
529.jpg,INCA TERN
530.jpg,ELLIOTS  PHEASANT
531.jpg,SPLENDID WREN
532.jpg,BIRD OF PARADISE
533.jpg,NORTHERN MOCKINGBIRD
534.jpg,GOLDEN EAGLE
535.jpg,MANDRIN DUCK
536.jpg,PURPLE FINCH
537.jpg,STORK BILLED KINGFISHER
538.jpg,RUFOUS KINGFISHER
539.jpg,CUBAN TROGON
540.jpg,BALTIMORE ORIOLE
541.jpg,NORTHERN FLICKER
542.jpg,KING VULTURE
543.jpg,TOWNSENDS WARBLER
544.jpg,NORTHERN MOCKINGBIRD
545.jpg,BLACK THROATED BUSHTIT
546.jpg,HOUSE SPARROW
547.jpg,BLACK TAIL CRAKE
548.jpg,WATTLED CURASSOW
549.jpg,TAIWAN MAGPIE
550.jpg,NORTHERN GANNET
551.jpg,SPLENDID WREN
552.jpg,CRIMSON SUNBIRD
553.jpg,BALD IBIS
554.jpg,BROWN NOODY
555.jpg,EASTERN TOWEE
556.jpg,EVENING GROSBEAK
557.jpg,CAPUCHINBIRD
558.jpg,STRIPPED SWALLOW
559.jpg,BLACK & YELLOW bROADBILL
560.jpg,SMITHS LONGSPUR
561.jpg,BLACK & YELLOW bROADBILL
562.jpg,SWINHOES PHEASANT
563.jpg,PALILA
564.jpg,TURQUOISE MOTMOT
565.jpg,FLAMINGO
566.jpg,RED HEADED DUCK
567.jpg,CHIPPING SPARROW
568.jpg,CASSOWARY
569.jpg,RUFUOS MOTMOT
570.jpg,OSPREY
571.jpg,DOUBLE BRESTED CORMARANT
572.jpg,YELLOW HEADED BLACKBIRD
573.jpg,VERMILION FLYCATHER
574.jpg,COMMON POORWILL
575.jpg,VIOLET GREEN SWALLOW
576.jpg,SCARLET IBIS
577.jpg,COMMON HOUSE MARTIN
578.jpg,COMMON STARLING
579.jpg,JAVA SPARROW
580.jpg,BARRED PUFFBIRD
581.jpg,INCA TERN
582.jpg,BROWN NOODY
583.jpg,PELICAN
584.jpg,BARRED PUFFBIRD
585.jpg,EASTERN BLUEBIRD
586.jpg,CALIFORNIA CONDOR
587.jpg,SNOWY OWL
588.jpg,TURKEY VULTURE
589.jpg,ROUGH LEG BUZZARD
590.jpg,AFRICAN CROWNED CRANE
591.jpg,BROWN CREPPER
592.jpg,WOOD DUCK
593.jpg,GREEN MAGPIE
594.jpg,RAZORBILL
595.jpg,BLACK SWAN
596.jpg,RED FACED CORMORANT
597.jpg,CALIFORNIA QUAIL
598.jpg,HIMALAYAN MONAL
599.jpg,ASIAN CRESTED IBIS
600.jpg,BARN SWALLOW
601.jpg,BEARDED BELLBIRD
602.jpg,STRAWBERRY FINCH
603.jpg,PARADISE TANAGER
604.jpg,BLACK SWAN
605.jpg,GREEN BROADBILL
606.jpg,CRIMSON SUNBIRD
607.jpg,CRESTED CARACARA
608.jpg,MALEO
609.jpg,BEARDED BELLBIRD
610.jpg,BLONDE CRESTED WOODPECKER
611.jpg,ALEXANDRINE PARAKEET
612.jpg,BLACKBURNIAM WARBLER
613.jpg,CROWNED PIGEON
614.jpg,COMMON GRACKLE
615.jpg,PARUS MAJOR
616.jpg,NORTHERN FLICKER
617.jpg,OKINAWA RAIL
618.jpg,JABIRU
619.jpg,MALAGASY WHITE EYE
620.jpg,BELTED KINGFISHER
621.jpg,NORTHERN RED BISHOP
622.jpg,BANANAQUIT
623.jpg,IMPERIAL SHAQ
624.jpg,BLACK TAIL CRAKE
625.jpg,CALIFORNIA GULL
626.jpg,BLACK-NECKED GREBE
627.jpg,HOATZIN
628.jpg,RED BEARDED BEE EATER
629.jpg,LEARS MACAW
630.jpg,MAGPIE GOOSE
631.jpg,KILLDEAR
632.jpg,STRAWBERRY FINCH
633.jpg,AMERICAN REDSTART
634.jpg,CHIPPING SPARROW
635.jpg,GOLDEN CHEEKED WARBLER
636.jpg,TAKAHE
637.jpg,BANDED BROADBILL
638.jpg,HOATZIN
639.jpg,SANDHILL CRANE
640.jpg,NORTHERN GANNET
641.jpg,VENEZUELIAN TROUPIAL
642.jpg,COMMON HOUSE MARTIN
643.jpg,RED WISKERED BULBUL
644.jpg,ROADRUNNER
645.jpg,BLACK THROATED WARBLER
646.jpg,BALI STARLING
647.jpg,CACTUS WREN
648.jpg,GOLDEN EAGLE
649.jpg,KAGU
650.jpg,COMMON STARLING
651.jpg,WOOD DUCK
652.jpg,GOLDEN PHEASANT
653.jpg,AMERICAN COOT
654.jpg,BLACK TAIL CRAKE
655.jpg,TIT MOUSE
656.jpg,RED NAPED TROGON
657.jpg,RED WINGED BLACKBIRD
658.jpg,CRIMSON SUNBIRD
659.jpg,RED HEADED WOODPECKER
660.jpg,OSTRICH
661.jpg,BORNEAN PHEASANT
662.jpg,PURPLE MARTIN
663.jpg,UMBRELLA BIRD
664.jpg,RUBY THROATED HUMMINGBIRD
665.jpg,RAINBOW LORIKEET
666.jpg,PURPLE SWAMPHEN
667.jpg,SUPERB STARLING
668.jpg,BLACK THROATED WARBLER
669.jpg,GOULDIAN FINCH
670.jpg,RUFUOS MOTMOT
671.jpg,PARAKETT  AKULET
672.jpg,HAWAIIAN GOOSE
673.jpg,CUBAN TROGON
674.jpg,BAY-BREASTED WARBLER
675.jpg,BARN OWL
676.jpg,KING VULTURE
677.jpg,CLARKS NUTCRACKER
678.jpg,WHITE CHEEKED TURACO
679.jpg,PARUS MAJOR
680.jpg,COMMON POORWILL
681.jpg,ELLIOTS  PHEASANT
682.jpg,KILLDEAR
683.jpg,DOWNY WOODPECKER
684.jpg,MYNA
685.jpg,YELLOW CACIQUE
686.jpg,FLAMINGO
687.jpg,MIKADO  PHEASANT
688.jpg,ROSY FACED LOVEBIRD
689.jpg,HORNED GUAN
690.jpg,OSTRICH
691.jpg,TURQUOISE MOTMOT
692.jpg,RUFOUS KINGFISHER
693.jpg,CALIFORNIA CONDOR
694.jpg,CEDAR WAXWING
695.jpg,GO AWAY BIRD
696.jpg,PUFFIN
697.jpg,PEREGRINE FALCON
698.jpg,WHITE NECKED RAVEN
699.jpg,WOOD DUCK
700.jpg,PALILA
701.jpg,TOWNSENDS WARBLER
702.jpg,MAGPIE GOOSE
703.jpg,MALACHITE KINGFISHER
704.jpg,RED NAPED TROGON
705.jpg,TURQUOISE MOTMOT
706.jpg,HORNBILL
707.jpg,GANG GANG COCKATOO
708.jpg,ROSY FACED LOVEBIRD
709.jpg,GREEN JAY
710.jpg,CRESTED NUTHATCH
711.jpg,ANNAS HUMMINGBIRD
712.jpg,VULTURINE GUINEAFOWL
713.jpg,CARMINE BEE-EATER
714.jpg,ROUGH LEG BUZZARD
715.jpg,SAND MARTIN
716.jpg,NICOBAR PIGEON
717.jpg,MANDRIN DUCK
718.jpg,CEDAR WAXWING
719.jpg,HOODED MERGANSER
720.jpg,GOULDIAN FINCH
721.jpg,WHIMBREL
722.jpg,NORTHERN SHOVELER
723.jpg,SAND MARTIN
724.jpg,CRESTED AUKLET
725.jpg,BELTED KINGFISHER
726.jpg,MALACHITE KINGFISHER
727.jpg,ASIAN CRESTED IBIS
728.jpg,BANDED BROADBILL
729.jpg,WHITE THROATED BEE EATER
730.jpg,BULWERS PHEASANT
731.jpg,TRUMPTER SWAN
732.jpg,VICTORIA CROWNED PIGEON
733.jpg,HOOPOES
734.jpg,GAMBELS QUAIL
735.jpg,SCARLET MACAW
736.jpg,LARK BUNTING
737.jpg,WILD TURKEY
738.jpg,EVENING GROSBEAK
739.jpg,RED FACED WARBLER
740.jpg,WATTLED CURASSOW
741.jpg,REGENT BOWERBIRD
742.jpg,HELMET VANGA
743.jpg,EASTERN MEADOWLARK
744.jpg,HOATZIN
745.jpg,BROWN NOODY
746.jpg,CINNAMON TEAL
747.jpg,RED HEADED DUCK
748.jpg,GOLDEN PIPIT
749.jpg,BORNEAN LEAFBIRD
750.jpg,RED HONEY CREEPER
751.jpg,LARK BUNTING
752.jpg,PURPLE FINCH
753.jpg,NORTHERN FLICKER
754.jpg,CINNAMON TEAL
755.jpg,CEDAR WAXWING
756.jpg,MYNA
757.jpg,VICTORIA CROWNED PIGEON
758.jpg,BARN OWL
759.jpg,GUINEA TURACO
760.jpg,BANDED PITA
761.jpg,GYRFALCON
762.jpg,HOODED MERGANSER
763.jpg,ROCK DOVE
764.jpg,FLAMINGO
765.jpg,ROCK DOVE
766.jpg,COMMON POORWILL
767.jpg,HORNBILL
768.jpg,CURL CRESTED ARACURI
769.jpg,NORTHERN JACANA
770.jpg,TOUCHAN
771.jpg,GYRFALCON
772.jpg,BLACK & YELLOW bROADBILL
773.jpg,BANANAQUIT
774.jpg,RUDY KINGFISHER
775.jpg,NORTHERN MOCKINGBIRD
776.jpg,VARIED THRUSH
777.jpg,SHORT BILLED DOWITCHER
778.jpg,SHOEBILL
779.jpg,HARPY EAGLE
780.jpg,CALIFORNIA QUAIL
781.jpg,BLACK SWAN
782.jpg,CEDAR WAXWING
783.jpg,DOUBLE BRESTED CORMARANT
784.jpg,COUCHS KINGBIRD
785.jpg,VARIED THRUSH
786.jpg,SAMATRAN THRUSH
787.jpg,RED WINGED BLACKBIRD
788.jpg,WATTLED CURASSOW
789.jpg,LILAC ROLLER
790.jpg,SPLENDID WREN
791.jpg,WHITE NECKED RAVEN
792.jpg,ARARIPE MANAKIN
793.jpg,GUINEAFOWL
794.jpg,COMMON STARLING
795.jpg,AFRICAN CROWNED CRANE
796.jpg,GREAT POTOO
797.jpg,AFRICAN FIREFINCH
798.jpg,HOOPOES
799.jpg,ANTBIRD
800.jpg,COCK OF THE  ROCK
801.jpg,CACTUS WREN
802.jpg,GREEN MAGPIE
803.jpg,SANDHILL CRANE
804.jpg,BULWERS PHEASANT
805.jpg,TAKAHE
806.jpg,LARK BUNTING
807.jpg,ALEXANDRINE PARAKEET
808.jpg,BANANAQUIT
809.jpg,GOLDEN PHEASANT
810.jpg,LILAC ROLLER
811.jpg,GREATOR SAGE GROUSE
812.jpg,STEAMER DUCK
813.jpg,PAINTED BUNTIG
814.jpg,QUETZAL
815.jpg,BOBOLINK
816.jpg,OYSTER CATCHER
817.jpg,RED HEADED WOODPECKER
818.jpg,PARAKETT  AKULET
819.jpg,VICTORIA CROWNED PIGEON
820.jpg,HELMET VANGA
821.jpg,AMERICAN BITTERN
822.jpg,GOLDEN CHLOROPHONIA
823.jpg,RED HONEY CREEPER
824.jpg,TEAL DUCK
825.jpg,HIMALAYAN MONAL
826.jpg,MASKED LAPWING
827.jpg,BALD IBIS
828.jpg,RUFUOS MOTMOT
829.jpg,STRIPPED SWALLOW
830.jpg,INCA TERN
831.jpg,CHARA DE COLLAR
832.jpg,BROWN THRASHER
833.jpg,SPOON BILED SANDPIPER
834.jpg,ROYAL FLYCATCHER
835.jpg,HOUSE FINCH
836.jpg,HOODED MERGANSER
837.jpg,VENEZUELIAN TROUPIAL
838.jpg,PARAKETT  AKULET
839.jpg,GOLDEN CHEEKED WARBLER
840.jpg,INDIGO BUNTING
841.jpg,YELLOW HEADED BLACKBIRD
842.jpg,GOULDIAN FINCH
843.jpg,ANNAS HUMMINGBIRD
844.jpg,PAINTED BUNTIG
845.jpg,SPLENDID WREN
846.jpg,JAVA SPARROW
847.jpg,VICTORIA CROWNED PIGEON
848.jpg,COMMON LOON
849.jpg,OCELLATED TURKEY
850.jpg,GRAY PARTRIDGE
851.jpg,NORTHERN FLICKER
852.jpg,COMMON FIRECREST
853.jpg,BLACK THROATED WARBLER
854.jpg,CRESTED NUTHATCH
855.jpg,JAVA SPARROW
856.jpg,BLACK FRANCOLIN
857.jpg,NORTHERN JACANA
858.jpg,CALIFORNIA CONDOR
859.jpg,BLUE HERON
860.jpg,BOBOLINK
861.jpg,GREEN MAGPIE
862.jpg,BROWN CREPPER
863.jpg,SORA
864.jpg,AFRICAN FIREFINCH
865.jpg,COMMON FIRECREST
866.jpg,CHARA DE COLLAR
867.jpg,ARARIPE MANAKIN
868.jpg,CAPPED HERON
869.jpg,REGENT BOWERBIRD
870.jpg,BROWN THRASHER
871.jpg,SPANGLED COTINGA
872.jpg,ANTBIRD
873.jpg,EASTERN BLUEBIRD
874.jpg,KING VULTURE
875.jpg,OKINAWA RAIL
876.jpg,GUINEAFOWL
877.jpg,BLACK VULTURE
878.jpg,ALBATROSS
879.jpg,BLUE HERON
880.jpg,ANNAS HUMMINGBIRD
881.jpg,GREEN BROADBILL
882.jpg,BALTIMORE ORIOLE
883.jpg,BALD IBIS
884.jpg,NORTHERN SHOVELER
885.jpg,SPANGLED COTINGA
886.jpg,BORNEAN BRISTLEHEAD
887.jpg,SAND MARTIN
888.jpg,BOBOLINK
889.jpg,CERULEAN WARBLER
890.jpg,SUPERB STARLING
891.jpg,CUBAN TROGON
892.jpg,BELTED KINGFISHER
893.jpg,CALIFORNIA CONDOR
894.jpg,CANARY
895.jpg,OSTRICH
896.jpg,CHIPPING SPARROW
897.jpg,RED FACED CORMORANT
898.jpg,PAINTED BUNTIG
899.jpg,SHOEBILL
900.jpg,GUINEA TURACO
901.jpg,OKINAWA RAIL
902.jpg,HAWAIIAN GOOSE
903.jpg,PAINTED BUNTIG
904.jpg,WHITE TAILED TROPIC
905.jpg,FIRE TAILLED MYZORNIS
906.jpg,HOUSE SPARROW
907.jpg,CRESTED NUTHATCH
908.jpg,ROSY FACED LOVEBIRD
909.jpg,EURASIAN MAGPIE
910.jpg,EURASIAN GOLDEN ORIOLE
911.jpg,SCARLET TANAGER
912.jpg,BALTIMORE ORIOLE
913.jpg,SHOEBILL
914.jpg,VARIED THRUSH
915.jpg,PEACOCK
916.jpg,SAMATRAN THRUSH
917.jpg,WALL CREAPER
918.jpg,TURKEY VULTURE
919.jpg,BIRD OF PARADISE
920.jpg,HORNED SUNGEM
921.jpg,ENGGANO MYNA
922.jpg,VIOLET GREEN SWALLOW
923.jpg,GREAT POTOO
924.jpg,COCKATOO
925.jpg,AMERICAN PIPIT
926.jpg,GO AWAY BIRD
927.jpg,COMMON FIRECREST
928.jpg,MALLARD DUCK
929.jpg,EASTERN ROSELLA
930.jpg,TURKEY VULTURE
931.jpg,BLONDE CRESTED WOODPECKER
932.jpg,UMBRELLA BIRD
933.jpg,OVENBIRD
934.jpg,SWINHOES PHEASANT
935.jpg,CINNAMON TEAL
936.jpg,SAND MARTIN
937.jpg,COLLARED ARACARI
938.jpg,BULWERS PHEASANT
939.jpg,CAPUCHINBIRD
940.jpg,ROBIN
941.jpg,COLLARED ARACARI
942.jpg,RUBY THROATED HUMMINGBIRD
943.jpg,INDIAN PITTA
944.jpg,BORNEAN BRISTLEHEAD
945.jpg,SNOWY OWL
946.jpg,ROCK DOVE
947.jpg,AMERICAN REDSTART
948.jpg,RED WINGED BLACKBIRD
949.jpg,HAWAIIAN GOOSE
950.jpg,ORANGE BRESTED BUNTING
951.jpg,RED BEARDED BEE EATER
952.jpg,BALD EAGLE
953.jpg,BLACK SKIMMER
954.jpg,GREEN JAY
955.jpg,HOODED MERGANSER
956.jpg,PEREGRINE FALCON
957.jpg,SUPERB STARLING
958.jpg,PALILA
959.jpg,ARARIPE MANAKIN
960.jpg,TEAL DUCK
961.jpg,TASMANIAN HEN
962.jpg,TREE SWALLOW
963.jpg,TOUCHAN
964.jpg,GOLD WING WARBLER
965.jpg,OCELLATED TURKEY
966.jpg,ALBATROSS
967.jpg,TIT MOUSE
968.jpg,GUINEA TURACO
969.jpg,YELLOW CACIQUE
970.jpg,NORTHERN GOSHAWK
971.jpg,BARN SWALLOW
972.jpg,TAIWAN MAGPIE
973.jpg,MALACHITE KINGFISHER
974.jpg,WHIMBREL
975.jpg,SNOWY OWL
976.jpg,GREEN JAY
977.jpg,HOUSE SPARROW
978.jpg,COMMON LOON
979.jpg,NORTHERN CARDINAL
980.jpg,WHITE TAILED TROPIC
981.jpg,CROW
982.jpg,CARMINE BEE-EATER
983.jpg,CASSOWARY
984.jpg,TOWNSENDS WARBLER
985.jpg,CAPPED HERON
986.jpg,BAR-TAILED GODWIT
987.jpg,HARPY EAGLE
988.jpg,FIRE TAILLED MYZORNIS
989.jpg,PEACOCK
990.jpg,PYGMY KINGFISHER
991.jpg,EASTERN TOWEE
992.jpg,TEAL DUCK
993.jpg,WALL CREAPER
994.jpg,VENEZUELIAN TROUPIAL
995.jpg,JAVA SPARROW
996.jpg,GUINEA TURACO
997.jpg,AMERICAN AVOCET
998.jpg,PELICAN
999.jpg,RUBY THROATED HUMMINGBIRD
1000.jpg,QUETZAL
1001.jpg,CLARKS NUTCRACKER
1002.jpg,BROWN NOODY
1003.jpg,NORTHERN RED BISHOP
1004.jpg,MASKED BOOBY
1005.jpg,CUBAN TODY
1006.jpg,ANTBIRD
1007.jpg,BLACK-CAPPED CHICKADEE
1008.jpg,KAKAPO
1009.jpg,TRUMPTER SWAN
1010.jpg,VERMILION FLYCATHER
1011.jpg,RED TAILED THRUSH
1012.jpg,D-ARNAUDS BARBET
1013.jpg,LEARS MACAW
1014.jpg,BORNEAN BRISTLEHEAD
1015.jpg,BORNEAN PHEASANT
1016.jpg,BORNEAN PHEASANT
1017.jpg,HORNED GUAN
1018.jpg,LARK BUNTING
1019.jpg,BLACK-THROATED SPARROW
1020.jpg,ANTBIRD
1021.jpg,PARADISE TANAGER
1022.jpg,ROSY FACED LOVEBIRD
1023.jpg,TOUCHAN
1024.jpg,MALEO
1025.jpg,VULTURINE GUINEAFOWL
1026.jpg,MALEO
1027.jpg,EVENING GROSBEAK
1028.jpg,SANDHILL CRANE
1029.jpg,STORK BILLED KINGFISHER
1030.jpg,ROCK DOVE
1031.jpg,AMERICAN BITTERN
1032.jpg,ANTBIRD
1033.jpg,BALD IBIS
1034.jpg,STRIPPED SWALLOW
1035.jpg,GAMBELS QUAIL
1036.jpg,BELTED KINGFISHER
1037.jpg,SAMATRAN THRUSH
1038.jpg,OCELLATED TURKEY
1039.jpg,TASMANIAN HEN
1040.jpg,INDIAN PITTA
1041.jpg,BULWERS PHEASANT
1042.jpg,BORNEAN PHEASANT
1043.jpg,INDIAN BUSTARD
1044.jpg,BLUE GROUSE
1045.jpg,GOLDEN CHEEKED WARBLER
1046.jpg,WHITE THROATED BEE EATER
1047.jpg,RING-NECKED PHEASANT
1048.jpg,PEREGRINE FALCON
1049.jpg,ALBATROSS
1050.jpg,COCKATOO
1051.jpg,GOLDEN EAGLE
1052.jpg,AMERICAN BITTERN
1053.jpg,BARN SWALLOW
1054.jpg,CAPPED HERON
1055.jpg,GREEN MAGPIE
1056.jpg,BLACK VULTURE
1057.jpg,RED FACED CORMORANT
1058.jpg,NORTHERN GOSHAWK
1059.jpg,PEACOCK
1060.jpg,MALAGASY WHITE EYE
1061.jpg,COMMON GRACKLE
1062.jpg,BLACK-CAPPED CHICKADEE
1063.jpg,BLACK TAIL CRAKE
1064.jpg,PUFFIN
1065.jpg,SCARLET MACAW
1066.jpg,OYSTER CATCHER
1067.jpg,SPOONBILL
1068.jpg,SORA
1069.jpg,BLACK FRANCOLIN
1070.jpg,GRAY PARTRIDGE
1071.jpg,MASKED LAPWING
1072.jpg,RING-NECKED PHEASANT
1073.jpg,GYRFALCON
1074.jpg,BEARDED REEDLING
1075.jpg,FIRE TAILLED MYZORNIS
1076.jpg,TOUCHAN
1077.jpg,MASKED BOOBY
1078.jpg,VIOLET GREEN SWALLOW
1079.jpg,BLACK SKIMMER
1080.jpg,BALD EAGLE
1081.jpg,PARADISE TANAGER
1082.jpg,ANHINGA
1083.jpg,MAGPIE GOOSE
1084.jpg,HAWAIIAN GOOSE
1085.jpg,ROYAL FLYCATCHER
1086.jpg,SMITHS LONGSPUR
1087.jpg,NORTHERN MOCKINGBIRD
1088.jpg,MASKED BOOBY
1089.jpg,CACTUS WREN
1090.jpg,KOOKABURRA
1091.jpg,FLAMINGO
1092.jpg,BLACK SWAN
1093.jpg,WILSONS BIRD OF PARADISE
1094.jpg,NORTHERN SHOVELER
1095.jpg,TAIWAN MAGPIE
1096.jpg,RUDY KINGFISHER
1097.jpg,ELEGANT TROGON
1098.jpg,EURASIAN GOLDEN ORIOLE
1099.jpg,OKINAWA RAIL
1100.jpg,BALD EAGLE
1101.jpg,HOUSE FINCH
1102.jpg,CRESTED NUTHATCH
1103.jpg,TIT MOUSE
1104.jpg,BALI STARLING
1105.jpg,HOUSE FINCH
1106.jpg,BROWN CREPPER
1107.jpg,GREATOR SAGE GROUSE
1108.jpg,RED HEADED WOODPECKER
1109.jpg,CHUKAR PARTRIDGE
1110.jpg,EASTERN MEADOWLARK
1111.jpg,AMERICAN KESTREL
1112.jpg,EMU
1113.jpg,AMERICAN GOLDFINCH
1114.jpg,EASTERN ROSELLA
1115.jpg,HOOPOES
1116.jpg,COUCHS KINGBIRD
1117.jpg,ANHINGA
1118.jpg,STRIPPED MANAKIN
1119.jpg,GILA WOODPECKER
1120.jpg,BALD IBIS
1121.jpg,GREATOR SAGE GROUSE
1122.jpg,TOWNSENDS WARBLER
1123.jpg,EASTERN MEADOWLARK
1124.jpg,MYNA
1125.jpg,AFRICAN FIREFINCH
1126.jpg,SUPERB STARLING
1127.jpg,PELICAN
1128.jpg,PINK ROBIN
1129.jpg,FRIGATE
1130.jpg,EMPEROR PENGUIN
1131.jpg,NORTHERN CARDINAL
1132.jpg,BANDED BROADBILL
1133.jpg,HOUSE FINCH
1134.jpg,HORNED LARK
1135.jpg,COMMON LOON
1136.jpg,FLAMINGO
1137.jpg,NORTHERN RED BISHOP
1138.jpg,BROWN THRASHER
1139.jpg,NORTHERN JACANA
1140.jpg,ROBIN
1141.jpg,CALIFORNIA CONDOR
1142.jpg,RED TAILED THRUSH
1143.jpg,BLACK THROATED WARBLER
1144.jpg,WILSONS BIRD OF PARADISE
1145.jpg,DOWNY WOODPECKER
1146.jpg,BULWERS PHEASANT
1147.jpg,DOUBLE BARRED FINCH
1148.jpg,HOATZIN
1149.jpg,CASPIAN TERN
1150.jpg,GOLDEN PIPIT
1151.jpg,WHITE THROATED BEE EATER
1152.jpg,COMMON POORWILL
1153.jpg,GOULDIAN FINCH
1154.jpg,BARRED PUFFBIRD
1155.jpg,SPOON BILED SANDPIPER
1156.jpg,GREY PLOVER
1157.jpg,DOWNY WOODPECKER
1158.jpg,KIWI
1159.jpg,RING-NECKED PHEASANT
1160.jpg,EURASIAN GOLDEN ORIOLE
1161.jpg,TAIWAN MAGPIE
1162.jpg,EASTERN ROSELLA
1163.jpg,GO AWAY BIRD
1164.jpg,PURPLE MARTIN
1165.jpg,NORTHERN CARDINAL
1166.jpg,PHILIPPINE EAGLE
1167.jpg,CHARA DE COLLAR
1168.jpg,MALEO
1169.jpg,STRAWBERRY FINCH
1170.jpg,CRESTED AUKLET
1171.jpg,DARK EYED JUNCO
1172.jpg,AMERICAN KESTREL
1173.jpg,MIKADO  PHEASANT
1174.jpg,MALABAR HORNBILL
1175.jpg,BLACK VULTURE
1176.jpg,WHIMBREL
1177.jpg,ROADRUNNER
1178.jpg,STEAMER DUCK
1179.jpg,MAGPIE GOOSE
1180.jpg,GREY PLOVER
1181.jpg,VERMILION FLYCATHER
1182.jpg,VICTORIA CROWNED PIGEON
1183.jpg,HARPY EAGLE
1184.jpg,ARARIPE MANAKIN
1185.jpg,CURL CRESTED ARACURI
1186.jpg,GRAY CATBIRD
1187.jpg,RED TAILED THRUSH
1188.jpg,COMMON LOON
1189.jpg,BLACK THROATED BUSHTIT
1190.jpg,CRESTED AUKLET
1191.jpg,CALIFORNIA GULL
1192.jpg,GREEN JAY
1193.jpg,ASIAN CRESTED IBIS
1194.jpg,INDIAN PITTA
1195.jpg,SWINHOES PHEASANT
1196.jpg,COMMON STARLING
1197.jpg,UMBRELLA BIRD
1198.jpg,HORNBILL
1199.jpg,CANARY
1200.jpg,LONG-EARED OWL
1201.jpg,MASKED LAPWING
1202.jpg,AFRICAN FIREFINCH
1203.jpg,RED NAPED TROGON
1204.jpg,BORNEAN LEAFBIRD
1205.jpg,RUDY KINGFISHER
1206.jpg,WILSONS BIRD OF PARADISE
1207.jpg,HELMET VANGA
1208.jpg,BARN OWL
1209.jpg,PHILIPPINE EAGLE
1210.jpg,GUINEAFOWL
1211.jpg,ANHINGA
1212.jpg,MAGPIE GOOSE
1213.jpg,AMERICAN AVOCET
1214.jpg,PARADISE TANAGER
1215.jpg,STRIPPED SWALLOW
1216.jpg,ELEGANT TROGON
1217.jpg,PURPLE MARTIN
1218.jpg,GOLDEN CHLOROPHONIA
1219.jpg,CROW
1220.jpg,OSTRICH
1221.jpg,AMERICAN GOLDFINCH
1222.jpg,COUCHS KINGBIRD
1223.jpg,MALEO
1224.jpg,FIRE TAILLED MYZORNIS
1225.jpg,SCARLET MACAW
1226.jpg,ROCK DOVE
1227.jpg,GOULDIAN FINCH
1228.jpg,COCK OF THE  ROCK
1229.jpg,SNOWY EGRET
1230.jpg,ANHINGA
1231.jpg,SAMATRAN THRUSH
1232.jpg,GOLDEN EAGLE
1233.jpg,PELICAN
1234.jpg,YELLOW HEADED BLACKBIRD
1235.jpg,BULWERS PHEASANT
1236.jpg,CURL CRESTED ARACURI
1237.jpg,PURPLE MARTIN
1238.jpg,NORTHERN RED BISHOP
1239.jpg,RED FACED WARBLER
1240.jpg,BLUE GROUSE
1241.jpg,EMPEROR PENGUIN
1242.jpg,CRESTED CARACARA
1243.jpg,VENEZUELIAN TROUPIAL
1244.jpg,MASKED BOOBY
1245.jpg,ELLIOTS  PHEASANT
1246.jpg,OVENBIRD
1247.jpg,NORTHERN MOCKINGBIRD
1248.jpg,OYSTER CATCHER
1249.jpg,GOLD WING WARBLER
1250.jpg,CUBAN TODY
1251.jpg,ASIAN CRESTED IBIS
1252.jpg,BAY-BREASTED WARBLER
1253.jpg,EURASIAN GOLDEN ORIOLE
1254.jpg,NORTHERN PARULA
1255.jpg,ANTBIRD
1256.jpg,AMERICAN REDSTART
1257.jpg,GOLDEN PHEASANT
1258.jpg,TURKEY VULTURE
1259.jpg,BLACK-CAPPED CHICKADEE
1260.jpg,AMERICAN REDSTART
1261.jpg,ELEGANT TROGON
1262.jpg,DARK EYED JUNCO
1263.jpg,RUBY THROATED HUMMINGBIRD
1264.jpg,ROUGH LEG BUZZARD
1265.jpg,OCELLATED TURKEY
1266.jpg,BARN OWL
1267.jpg,SWINHOES PHEASANT
1268.jpg,PUFFIN
1269.jpg,VERMILION FLYCATHER
1270.jpg,CALIFORNIA CONDOR
1271.jpg,GRAY PARTRIDGE
1272.jpg,DOUBLE BARRED FINCH
1273.jpg,GLOSSY IBIS
1274.jpg,IMPERIAL SHAQ
1275.jpg,VULTURINE GUINEAFOWL
1276.jpg,HAWAIIAN GOOSE
1277.jpg,GRAY CATBIRD
1278.jpg,BEARDED BELLBIRD
1279.jpg,COLLARED ARACARI
1280.jpg,BULWERS PHEASANT
1281.jpg,WHITE TAILED TROPIC
1282.jpg,STRIPPED MANAKIN
1283.jpg,MIKADO  PHEASANT
1284.jpg,NORTHERN PARULA
1285.jpg,NORTHERN RED BISHOP
1286.jpg,IMPERIAL SHAQ
1287.jpg,EASTERN TOWEE
1288.jpg,MALACHITE KINGFISHER
1289.jpg,SCARLET TANAGER
1290.jpg,COUCHS KINGBIRD
1291.jpg,SNOWY OWL
1292.jpg,VICTORIA CROWNED PIGEON
1293.jpg,GRAY CATBIRD
1294.jpg,ROYAL FLYCATCHER
1295.jpg,FRIGATE
1296.jpg,HELMET VANGA
1297.jpg,KAGU
1298.jpg,RED TAILED HAWK
1299.jpg,DOWNY WOODPECKER
1300.jpg,EMU
1301.jpg,BLACK SKIMMER
1302.jpg,SHORT BILLED DOWITCHER
1303.jpg,KAKAPO
1304.jpg,BORNEAN LEAFBIRD
1305.jpg,EASTERN ROSELLA
1306.jpg,BROWN CREPPER
1307.jpg,GOLDEN PIPIT
1308.jpg,BARRED PUFFBIRD
1309.jpg,GANG GANG COCKATOO
1310.jpg,RED HEADED DUCK
1311.jpg,TURKEY VULTURE
1312.jpg,TRUMPTER SWAN
1313.jpg,COMMON LOON
1314.jpg,EASTERN TOWEE
1315.jpg,OSPREY
1316.jpg,NORTHERN MOCKINGBIRD
1317.jpg,GREY PLOVER
1318.jpg,INCA TERN
1319.jpg,GUINEA TURACO
1320.jpg,RUDY KINGFISHER
1321.jpg,RED BROWED FINCH
1322.jpg,FAIRY BLUEBIRD
1323.jpg,STEAMER DUCK
1324.jpg,STEAMER DUCK
1325.jpg,PURPLE GALLINULE
1326.jpg,CAPE MAY WARBLER
1327.jpg,GREEN BROADBILL
1328.jpg,PUFFIN
1329.jpg,D-ARNAUDS BARBET
1330.jpg,GAMBELS QUAIL
1331.jpg,KING VULTURE
1332.jpg,WHITE NECKED RAVEN
1333.jpg,GOLDEN EAGLE
1334.jpg,GOLDEN CHEEKED WARBLER
1335.jpg,SPOONBILL
1336.jpg,SRI LANKA BLUE MAGPIE
1337.jpg,WALL CREAPER
1338.jpg,WHITE THROATED BEE EATER
1339.jpg,BLACK-NECKED GREBE
1340.jpg,WILSONS BIRD OF PARADISE
1341.jpg,GO AWAY BIRD
1342.jpg,CURL CRESTED ARACURI
1343.jpg,BLACK THROATED BUSHTIT
1344.jpg,RED FACED WARBLER
1345.jpg,BLONDE CRESTED WOODPECKER
1346.jpg,COLLARED ARACARI
1347.jpg,STRIPPED MANAKIN
1348.jpg,PURPLE GALLINULE
1349.jpg,PEREGRINE FALCON
1350.jpg,MYNA
1351.jpg,ROADRUNNER
1352.jpg,CAPPED HERON
1353.jpg,GYRFALCON
1354.jpg,STRIPPED SWALLOW
1355.jpg,BLACK THROATED BUSHTIT
1356.jpg,PARUS MAJOR
1357.jpg,TAIWAN MAGPIE
1358.jpg,TOWNSENDS WARBLER
1359.jpg,TAKAHE
1360.jpg,BROWN THRASHER
1361.jpg,TURQUOISE MOTMOT
1362.jpg,RED BELLIED PITTA
1363.jpg,MALABAR HORNBILL
1364.jpg,TEAL DUCK
1365.jpg,ROCK DOVE
1366.jpg,RED BELLIED PITTA
1367.jpg,OVENBIRD
1368.jpg,CALIFORNIA QUAIL
1369.jpg,INDIAN BUSTARD
1370.jpg,HIMALAYAN MONAL
1371.jpg,EURASIAN GOLDEN ORIOLE
1372.jpg,BEARDED REEDLING
1373.jpg,ELLIOTS  PHEASANT
1374.jpg,BLACKBURNIAM WARBLER
1375.jpg,HOODED MERGANSER
1376.jpg,CLARKS NUTCRACKER
1377.jpg,SCARLET MACAW
1378.jpg,PAINTED BUNTIG
1379.jpg,MASKED LAPWING
1380.jpg,NORTHERN SHOVELER
1381.jpg,MALAGASY WHITE EYE
1382.jpg,AMERICAN KESTREL
1383.jpg,RAINBOW LORIKEET
1384.jpg,GOLDEN EAGLE
1385.jpg,CAPUCHINBIRD
1386.jpg,LONG-EARED OWL
1387.jpg,PHILIPPINE EAGLE
1388.jpg,HOUSE SPARROW
1389.jpg,TAKAHE
1390.jpg,RED WISKERED BULBUL
1391.jpg,BLACK & YELLOW bROADBILL
1392.jpg,COCKATOO
1393.jpg,COMMON GRACKLE
1394.jpg,AMERICAN GOLDFINCH
1395.jpg,SMITHS LONGSPUR
1396.jpg,BLACK SKIMMER
1397.jpg,BROWN NOODY
1398.jpg,LILAC ROLLER
1399.jpg,BARN OWL
1400.jpg,AFRICAN FIREFINCH
1401.jpg,MARABOU STORK
1402.jpg,CASPIAN TERN
1403.jpg,ELLIOTS  PHEASANT
1404.jpg,RAZORBILL
1405.jpg,INDIAN PITTA
1406.jpg,SAMATRAN THRUSH
1407.jpg,COLLARED ARACARI
1408.jpg,SRI LANKA BLUE MAGPIE
1409.jpg,TREE SWALLOW
1410.jpg,MASKED LAPWING
1411.jpg,COMMON GRACKLE
1412.jpg,FAIRY BLUEBIRD
1413.jpg,SCARLET TANAGER
1414.jpg,BALD IBIS
1415.jpg,OYSTER CATCHER
1416.jpg,BLACK-THROATED SPARROW
1417.jpg,DARK EYED JUNCO
1418.jpg,CHIPPING SPARROW
1419.jpg,BLACK TAIL CRAKE
1420.jpg,MALAGASY WHITE EYE
1421.jpg,BANDED PITA
1422.jpg,RED HEADED DUCK
1423.jpg,FLAME TANAGER
1424.jpg,AMERICAN PIPIT
1425.jpg,RED HONEY CREEPER
1426.jpg,BANDED PITA
1427.jpg,BAY-BREASTED WARBLER
1428.jpg,GOLDEN CHLOROPHONIA
1429.jpg,BLACK VULTURE
1430.jpg,ROADRUNNER
1431.jpg,PARAKETT  AKULET
1432.jpg,CAPUCHINBIRD
1433.jpg,GUINEA TURACO
1434.jpg,STRAWBERRY FINCH
1435.jpg,TASMANIAN HEN
1436.jpg,GUINEAFOWL
1437.jpg,BAR-TAILED GODWIT
1438.jpg,BROWN NOODY
1439.jpg,WILD TURKEY
1440.jpg,RED TAILED THRUSH
1441.jpg,COCK OF THE  ROCK
1442.jpg,SHOEBILL
1443.jpg,NORTHERN GANNET
1444.jpg,RED BELLIED PITTA
1445.jpg,CAPUCHINBIRD
1446.jpg,PUFFIN
1447.jpg,PALILA
1448.jpg,GOLDEN PIPIT
1449.jpg,OYSTER CATCHER
1450.jpg,GOLDEN PIPIT
1451.jpg,QUETZAL
1452.jpg,SNOWY OWL
1453.jpg,BALD IBIS
1454.jpg,BALI STARLING
1455.jpg,SRI LANKA BLUE MAGPIE
1456.jpg,NOISY FRIARBIRD
1457.jpg,JAVA SPARROW
1458.jpg,BALI STARLING
1459.jpg,KILLDEAR
1460.jpg,RUDY KINGFISHER
1461.jpg,CAPE MAY WARBLER
1462.jpg,BEARDED BARBET
1463.jpg,BLUE HERON
1464.jpg,BANDED BROADBILL
1465.jpg,TASMANIAN HEN
1466.jpg,REGENT BOWERBIRD
1467.jpg,EASTERN BLUEBIRD
1468.jpg,WILD TURKEY
1469.jpg,RED BELLIED PITTA
1470.jpg,GLOSSY IBIS
1471.jpg,AMERICAN COOT
1472.jpg,EMPEROR PENGUIN
1473.jpg,NORTHERN FLICKER
1474.jpg,RAZORBILL
1475.jpg,ROUGH LEG BUZZARD
1476.jpg,WHIMBREL
1477.jpg,GYRFALCON
1478.jpg,EVENING GROSBEAK
1479.jpg,MARABOU STORK
1480.jpg,GOLD WING WARBLER
1481.jpg,AMERICAN COOT
1482.jpg,CRESTED CARACARA
1483.jpg,VULTURINE GUINEAFOWL
1484.jpg,RUFOUS KINGFISHER
1485.jpg,CASPIAN TERN
1486.jpg,CASSOWARY
1487.jpg,RED BELLIED PITTA
1488.jpg,VARIED THRUSH
1489.jpg,BLACK VULTURE
1490.jpg,KOOKABURRA
1491.jpg,PURPLE SWAMPHEN
1492.jpg,INDIAN BUSTARD
1493.jpg,CUBAN TROGON
1494.jpg,NOISY FRIARBIRD
1495.jpg,CERULEAN WARBLER
1496.jpg,HORNED SUNGEM
1497.jpg,CURL CRESTED ARACURI
1498.jpg,RAINBOW LORIKEET
1499.jpg,MALLARD DUCK
1500.jpg,AFRICAN FIREFINCH
1501.jpg,BLUE HERON
1502.jpg,SNOWY EGRET
1503.jpg,SCARLET TANAGER
1504.jpg,ALBATROSS
1505.jpg,STRAWBERRY FINCH
1506.jpg,NORTHERN GANNET
1507.jpg,INDIAN PITTA
1508.jpg,PUFFIN
1509.jpg,NORTHERN BALD IBIS
1510.jpg,COCK OF THE  ROCK
1511.jpg,BIRD OF PARADISE
1512.jpg,COCK OF THE  ROCK
1513.jpg,CACTUS WREN
1514.jpg,COCK OF THE  ROCK
1515.jpg,HIMALAYAN MONAL
1516.jpg,SCARLET TANAGER
1517.jpg,AMERICAN AVOCET
1518.jpg,SNOWY EGRET
1519.jpg,GOLDEN PHEASANT
1520.jpg,VERMILION FLYCATHER
1521.jpg,EASTERN ROSELLA
1522.jpg,TRUMPTER SWAN
1523.jpg,ROADRUNNER
1524.jpg,HIMALAYAN MONAL
1525.jpg,PUFFIN
1526.jpg,PUFFIN
1527.jpg,WHIMBREL
1528.jpg,PUFFIN
1529.jpg,COCK OF THE  ROCK
1530.jpg,NORTHERN CARDINAL
1531.jpg,BAR-TAILED GODWIT
1532.jpg,VERMILION FLYCATHER
1533.jpg,MANDRIN DUCK
1534.jpg,SCARLET TANAGER
1535.jpg,NORTHERN CARDINAL
1536.jpg,BALD IBIS
1537.jpg,TRUMPTER SWAN
1538.jpg,AFRICAN FIREFINCH
1539.jpg,BAR-TAILED GODWIT
1540.jpg,NORTHERN BALD IBIS
1541.jpg,CACTUS WREN
1542.jpg,CACTUS WREN
1543.jpg,PUFFIN
1544.jpg,SCARLET TANAGER
1545.jpg,NORTHERN CARDINAL
1546.jpg,BAR-TAILED GODWIT
1547.jpg,SCARLET TANAGER
1548.jpg,ANTBIRD
1549.jpg,GOLDEN PHEASANT
1550.jpg,PUFFIN
1551.jpg,SCARLET TANAGER
1552.jpg,BAR-TAILED GODWIT
1553.jpg,SNOWY EGRET
1554.jpg,TRUMPTER SWAN
1555.jpg,SNOWY EGRET
1556.jpg,PUFFIN
1557.jpg,INDIAN PITTA
1558.jpg,INDIAN PITTA
1559.jpg,CLARKS NUTCRACKER
1560.jpg,INDIAN PITTA
1561.jpg,NORTHERN BALD IBIS
1562.jpg,NORTHERN BALD IBIS
1563.jpg,GOLDEN PHEASANT
1564.jpg,SNOWY EGRET
1565.jpg,COCK OF THE  ROCK
1566.jpg,STRAWBERRY FINCH
1567.jpg,GOLDEN PHEASANT
1568.jpg,GOLDEN PHEASANT
1569.jpg,SCARLET TANAGER
1570.jpg,COCK OF THE  ROCK
1571.jpg,TRUMPTER SWAN
1572.jpg,GOLDEN PHEASANT
1573.jpg,SRI LANKA BLUE MAGPIE
1574.jpg,SNOWY EGRET
1575.jpg,AFRICAN FIREFINCH
1576.jpg,GOLDEN PHEASANT
1577.jpg,GREEN MAGPIE
1578.jpg,PUFFIN
1579.jpg,INDIAN PITTA
1580.jpg,TRUMPTER SWAN
1581.jpg,ALBATROSS
1582.jpg,SCARLET TANAGER
1583.jpg,BAR-TAILED GODWIT
1584.jpg,AFRICAN FIREFINCH
1585.jpg,BLACK & YELLOW bROADBILL
1586.jpg,GOLDEN PHEASANT
1587.jpg,GOLDEN PHEASANT
1588.jpg,INDIAN PITTA
1589.jpg,VERMILION FLYCATHER
1590.jpg,TRUMPTER SWAN
1591.jpg,SCARLET TANAGER
1592.jpg,TRUMPTER SWAN
1593.jpg,NORTHERN BALD IBIS
1594.jpg,WOOD DUCK
1595.jpg,COCK OF THE  ROCK
1596.jpg,CACTUS WREN
1597.jpg,VERMILION FLYCATHER
1598.jpg,NORTHERN GANNET
1599.jpg,CACTUS WREN
1600.jpg,BALD IBIS
1601.jpg,SCARLET TANAGER
1602.jpg,BAR-TAILED GODWIT
1603.jpg,SCARLET TANAGER
1604.jpg,NORTHERN BALD IBIS
1605.jpg,SNOWY EGRET
1606.jpg,SNOWY EGRET
1607.jpg,BAR-TAILED GODWIT
1608.jpg,AFRICAN FIREFINCH
1609.jpg,GOLDEN PHEASANT
1610.jpg,COCK OF THE  ROCK
1611.jpg,VERMILION FLYCATHER
1612.jpg,COCK OF THE  ROCK
1613.jpg,AFRICAN FIREFINCH
1614.jpg,SCARLET TANAGER
1615.jpg,TRUMPTER SWAN
1616.jpg,CALIFORNIA QUAIL
1617.jpg,PUFFIN
1618.jpg,SNOWY EGRET
1619.jpg,BALD IBIS
1620.jpg,PUFFIN
1621.jpg,AFRICAN FIREFINCH
1622.jpg,WILD TURKEY
1623.jpg,BLACK-THROATED SPARROW
1624.jpg,AMERICAN PIPIT
1625.jpg,IMPERIAL SHAQ
1626.jpg,CROW
1627.jpg,COMMON FIRECREST
1628.jpg,CALIFORNIA GULL
1629.jpg,BALD IBIS
1630.jpg,OKINAWA RAIL
1631.jpg,KILLDEAR
1632.jpg,SAMATRAN THRUSH
1633.jpg,FAIRY BLUEBIRD
1634.jpg,BANDED PITA
1635.jpg,BORNEAN PHEASANT
1636.jpg,RED BROWED FINCH
1637.jpg,OSTRICH
1638.jpg,GUINEA TURACO
1639.jpg,RED NAPED TROGON
1640.jpg,AMERICAN COOT
1641.jpg,PALILA
1642.jpg,EASTERN TOWEE
1643.jpg,TEAL DUCK
1644.jpg,SCARLET TANAGER
1645.jpg,CARMINE BEE-EATER
1646.jpg,BIRD OF PARADISE
1647.jpg,DOWNY WOODPECKER
1648.jpg,BOBOLINK
1649.jpg,CRESTED CARACARA
1650.jpg,GYRFALCON
1651.jpg,ALBATROSS
1652.jpg,NORTHERN FLICKER
1653.jpg,VIOLET GREEN SWALLOW
1654.jpg,COMMON FIRECREST
1655.jpg,MARABOU STORK
1656.jpg,COCK OF THE  ROCK
1657.jpg,GOLDEN CHLOROPHONIA
1658.jpg,BANDED BROADBILL
1659.jpg,CACTUS WREN
1660.jpg,MAGPIE GOOSE
1661.jpg,TOUCHAN
1662.jpg,HELMET VANGA
1663.jpg,HAWAIIAN GOOSE
1664.jpg,BROWN NOODY
1665.jpg,COLLARED ARACARI
1666.jpg,VENEZUELIAN TROUPIAL
1667.jpg,SNOWY EGRET
1668.jpg,GOLDEN PHEASANT
1669.jpg,STORK BILLED KINGFISHER
1670.jpg,HOATZIN
1671.jpg,PEACOCK
1672.jpg,TOUCHAN
1673.jpg,ANTBIRD
1674.jpg,KILLDEAR
1675.jpg,TEAL DUCK
1676.jpg,STEAMER DUCK
1677.jpg,GOULDIAN FINCH
1678.jpg,VARIED THRUSH
1679.jpg,BALTIMORE ORIOLE
1680.jpg,JAVA SPARROW
1681.jpg,RED TAILED THRUSH
1682.jpg,HELMET VANGA
1683.jpg,BEARDED REEDLING
1684.jpg,CLARKS NUTCRACKER
1685.jpg,BARRED PUFFBIRD
1686.jpg,MANDRIN DUCK
1687.jpg,NORTHERN JACANA
1688.jpg,NORTHERN MOCKINGBIRD
1689.jpg,SHORT BILLED DOWITCHER
1690.jpg,GILA WOODPECKER
1691.jpg,TOWNSENDS WARBLER
1692.jpg,PAINTED BUNTIG
1693.jpg,KILLDEAR
1694.jpg,LILAC ROLLER
1695.jpg,COMMON HOUSE MARTIN
1696.jpg,PELICAN
1697.jpg,NORTHERN RED BISHOP
1698.jpg,COMMON LOON
1699.jpg,EMPEROR PENGUIN
1700.jpg,CLARKS NUTCRACKER
1701.jpg,ROUGH LEG BUZZARD
1702.jpg,SPLENDID WREN
1703.jpg,RUFUOS MOTMOT
1704.jpg,COUCHS KINGBIRD
1705.jpg,SCARLET MACAW
1706.jpg,MALEO
1707.jpg,YELLOW CACIQUE
1708.jpg,CHARA DE COLLAR
1709.jpg,BARN SWALLOW
1710.jpg,FRIGATE
1711.jpg,INDIAN BUSTARD
1712.jpg,LONG-EARED OWL
1713.jpg,INDIAN BUSTARD
1714.jpg,KIWI
1715.jpg,EASTERN TOWEE
1716.jpg,INCA TERN
1717.jpg,PARAKETT  AKULET
1718.jpg,TASMANIAN HEN
1719.jpg,YELLOW HEADED BLACKBIRD
1720.jpg,BLACK THROATED BUSHTIT
1721.jpg,CRIMSON SUNBIRD
1722.jpg,STRIPPED MANAKIN
1723.jpg,DOWNY WOODPECKER
1724.jpg,RED FACED WARBLER
1725.jpg,RUFOUS KINGFISHER
1726.jpg,ROCK DOVE
1727.jpg,MOURNING DOVE
1728.jpg,BALD IBIS
1729.jpg,COUCHS KINGBIRD
1730.jpg,TASMANIAN HEN
1731.jpg,CASPIAN TERN
1732.jpg,LEARS MACAW
1733.jpg,RUFOUS KINGFISHER
1734.jpg,DOUBLE BARRED FINCH
1735.jpg,GAMBELS QUAIL
1736.jpg,PUFFIN
1737.jpg,CRIMSON SUNBIRD
1738.jpg,BANDED BROADBILL
1739.jpg,CASSOWARY
1740.jpg,CACTUS WREN
1741.jpg,PEACOCK
1742.jpg,HOUSE SPARROW
1743.jpg,PURPLE FINCH
1744.jpg,GILA WOODPECKER
1745.jpg,HOOPOES
1746.jpg,TASMANIAN HEN
1747.jpg,GOLDEN PIPIT
1748.jpg,OSTRICH
1749.jpg,BLACK SKIMMER
1750.jpg,COUCHS KINGBIRD
1751.jpg,ASIAN CRESTED IBIS
1752.jpg,BLACK FRANCOLIN
1753.jpg,HIMALAYAN MONAL
1754.jpg,MALACHITE KINGFISHER
1755.jpg,RUBY THROATED HUMMINGBIRD
1756.jpg,BORNEAN LEAFBIRD
1757.jpg,AMERICAN GOLDFINCH
1758.jpg,MALAGASY WHITE EYE
1759.jpg,RED WISKERED BULBUL
1760.jpg,ROCK DOVE
1761.jpg,OSPREY
1762.jpg,BROWN NOODY
1763.jpg,PAINTED BUNTIG
1764.jpg,SCARLET IBIS
1765.jpg,GOLDEN EAGLE
1766.jpg,NORTHERN PARULA
1767.jpg,CUBAN TODY
1768.jpg,SCARLET TANAGER
1769.jpg,BLUE GROUSE
1770.jpg,PURPLE GALLINULE
1771.jpg,CLARKS NUTCRACKER
1772.jpg,PURPLE FINCH
1773.jpg,EASTERN TOWEE
1774.jpg,RED HONEY CREEPER
1775.jpg,BROWN CREPPER
1776.jpg,MYNA
1777.jpg,CAPUCHINBIRD
1778.jpg,FRIGATE
1779.jpg,OSTRICH
1780.jpg,PYGMY KINGFISHER
1781.jpg,ANHINGA
1782.jpg,GILA WOODPECKER
1783.jpg,CRESTED CARACARA
1784.jpg,BLACK-NECKED GREBE
1785.jpg,RAINBOW LORIKEET
1786.jpg,KIWI
1787.jpg,NICOBAR PIGEON
1788.jpg,ASIAN CRESTED IBIS
1789.jpg,BLACK-THROATED SPARROW
1790.jpg,CEDAR WAXWING
1791.jpg,INDIAN PITTA
1792.jpg,OVENBIRD
1793.jpg,ANHINGA
1794.jpg,COCKATOO
1795.jpg,RUDY KINGFISHER
1796.jpg,PUFFIN
1797.jpg,CASPIAN TERN
1798.jpg,IMPERIAL SHAQ
1799.jpg,VICTORIA CROWNED PIGEON
1800.jpg,ROADRUNNER
1801.jpg,AMERICAN AVOCET
1802.jpg,NORTHERN PARULA
1803.jpg,WOOD DUCK
1804.jpg,GLOSSY IBIS
1805.jpg,GREY PLOVER
1806.jpg,BARN SWALLOW
1807.jpg,GAMBELS QUAIL
1808.jpg,HARPY EAGLE
1809.jpg,BANDED BROADBILL
1810.jpg,RED BROWED FINCH
1811.jpg,RED FACED CORMORANT
1812.jpg,JAVA SPARROW
1813.jpg,KAGU
1814.jpg,HOUSE FINCH
1815.jpg,COMMON STARLING
1816.jpg,CACTUS WREN
1817.jpg,CASSOWARY
1818.jpg,AMERICAN KESTREL
1819.jpg,AFRICAN FIREFINCH
1820.jpg,FLAMINGO
1821.jpg,TURKEY VULTURE
1822.jpg,MARABOU STORK
1823.jpg,ANNAS HUMMINGBIRD
1824.jpg,CALIFORNIA CONDOR
1825.jpg,MALAGASY WHITE EYE
1826.jpg,MASKED LAPWING
1827.jpg,CALIFORNIA CONDOR
1828.jpg,MALEO
1829.jpg,INDIAN PITTA
1830.jpg,NORTHERN FLICKER
1831.jpg,AMERICAN BITTERN
1832.jpg,ELLIOTS  PHEASANT
1833.jpg,CAPUCHINBIRD
1834.jpg,BARN OWL
1835.jpg,WILD TURKEY
1836.jpg,BLACK-NECKED GREBE
1837.jpg,BLUE GROUSE
1838.jpg,RED TAILED HAWK
1839.jpg,CUBAN TROGON
1840.jpg,MASKED BOOBY
1841.jpg,MASKED LAPWING
1842.jpg,ROCK DOVE
1843.jpg,OSTRICH
1844.jpg,RED HONEY CREEPER
1845.jpg,HORNBILL
1846.jpg,GLOSSY IBIS
1847.jpg,SCARLET TANAGER
1848.jpg,COMMON POORWILL
1849.jpg,CUBAN TODY
1850.jpg,HARPY EAGLE
1851.jpg,TREE SWALLOW
1852.jpg,VICTORIA CROWNED PIGEON
1853.jpg,AMERICAN BITTERN
1854.jpg,EASTERN ROSELLA
1855.jpg,NORTHERN JACANA
1856.jpg,GREAT POTOO
1857.jpg,PARADISE TANAGER
1858.jpg,COMMON LOON
1859.jpg,TURQUOISE MOTMOT
1860.jpg,GUINEA TURACO
1861.jpg,GOULDIAN FINCH
1862.jpg,SRI LANKA BLUE MAGPIE
1863.jpg,SCARLET MACAW
1864.jpg,RED TAILED HAWK
1865.jpg,GRAY PARTRIDGE
1866.jpg,ALEXANDRINE PARAKEET
1867.jpg,KILLDEAR
1868.jpg,BLACK-CAPPED CHICKADEE
1869.jpg,CEDAR WAXWING
1870.jpg,NICOBAR PIGEON
1871.jpg,BALTIMORE ORIOLE
1872.jpg,TOWNSENDS WARBLER
1873.jpg,RED WINGED BLACKBIRD
1874.jpg,RED HEADED DUCK
1875.jpg,TREE SWALLOW
1876.jpg,BEARDED BELLBIRD
1877.jpg,BLACK SKIMMER
1878.jpg,GREEN JAY
1879.jpg,GREAT POTOO
1880.jpg,COMMON GRACKLE
1881.jpg,CRESTED CARACARA
1882.jpg,CHIPPING SPARROW
1883.jpg,CRIMSON SUNBIRD
1884.jpg,COMMON FIRECREST
1885.jpg,COCK OF THE  ROCK
1886.jpg,HAWAIIAN GOOSE
1887.jpg,SAND MARTIN
1888.jpg,DOUBLE BARRED FINCH
1889.jpg,COCK OF THE  ROCK
1890.jpg,SWINHOES PHEASANT
1891.jpg,BLACK & YELLOW bROADBILL
1892.jpg,SNOWY EGRET
1893.jpg,MIKADO  PHEASANT
1894.jpg,PINK ROBIN
1895.jpg,PELICAN
1896.jpg,LILAC ROLLER
1897.jpg,BLUE GROUSE
1898.jpg,FLAMINGO
1899.jpg,BALI STARLING
1900.jpg,WOOD DUCK
1901.jpg,BARRED PUFFBIRD
1902.jpg,MAGPIE GOOSE
1903.jpg,AFRICAN CROWNED CRANE
1904.jpg,ARARIPE MANAKIN
1905.jpg,PARUS MAJOR
1906.jpg,TURQUOISE MOTMOT
1907.jpg,GAMBELS QUAIL
1908.jpg,SCARLET IBIS
1909.jpg,PINK ROBIN
1910.jpg,STEAMER DUCK
1911.jpg,MARABOU STORK
1912.jpg,RUDY KINGFISHER
1913.jpg,MALABAR HORNBILL
1914.jpg,BARRED PUFFBIRD
1915.jpg,ALBATROSS
1916.jpg,WILSONS BIRD OF PARADISE
1917.jpg,ANTBIRD
1918.jpg,MALACHITE KINGFISHER
1919.jpg,EVENING GROSBEAK
1920.jpg,AMERICAN KESTREL
1921.jpg,STORK BILLED KINGFISHER
1922.jpg,HORNED GUAN
1923.jpg,AMERICAN COOT
1924.jpg,GLOSSY IBIS
1925.jpg,BALD IBIS
1926.jpg,BLACK SWAN
1927.jpg,BULWERS PHEASANT
1928.jpg,AMERICAN BITTERN
1929.jpg,CANARY
1930.jpg,TAKAHE
1931.jpg,UMBRELLA BIRD
1932.jpg,MAGPIE GOOSE
1933.jpg,AMERICAN REDSTART
1934.jpg,SPLENDID WREN
1935.jpg,COLLARED ARACARI
1936.jpg,SNOWY OWL
1937.jpg,CURL CRESTED ARACURI
1938.jpg,COMMON STARLING
1939.jpg,WOOD DUCK
1940.jpg,JAVA SPARROW
1941.jpg,CRESTED NUTHATCH
1942.jpg,CAPPED HERON
1943.jpg,HOOPOES
1944.jpg,ROSY FACED LOVEBIRD
1945.jpg,RED HEADED WOODPECKER
1946.jpg,MIKADO  PHEASANT
1947.jpg,HOUSE SPARROW
1948.jpg,SANDHILL CRANE
1949.jpg,KAGU
1950.jpg,YELLOW BELLIED FLOWERPECKER
1951.jpg,CRESTED AUKLET
1952.jpg,NICOBAR PIGEON
1953.jpg,KILLDEAR
1954.jpg,ROSY FACED LOVEBIRD
1955.jpg,TASMANIAN HEN
1956.jpg,RUDY KINGFISHER
1957.jpg,VENEZUELIAN TROUPIAL
1958.jpg,MYNA
1959.jpg,RAZORBILL
1960.jpg,RED BELLIED PITTA
1961.jpg,CUBAN TODY
1962.jpg,CALIFORNIA CONDOR
1963.jpg,ASIAN CRESTED IBIS
1964.jpg,AMERICAN BITTERN
1965.jpg,TIT MOUSE
1966.jpg,LARK BUNTING
1967.jpg,VERMILION FLYCATHER
1968.jpg,VICTORIA CROWNED PIGEON
1969.jpg,GANG GANG COCKATOO
1970.jpg,CERULEAN WARBLER
1971.jpg,RED BELLIED PITTA
1972.jpg,BARRED PUFFBIRD
1973.jpg,AFRICAN FIREFINCH
1974.jpg,CERULEAN WARBLER
1975.jpg,GLOSSY IBIS
1976.jpg,RED HEADED DUCK
1977.jpg,TOWNSENDS WARBLER
1978.jpg,OCELLATED TURKEY
1979.jpg,BLACK TAIL CRAKE
1980.jpg,COCK OF THE  ROCK
1981.jpg,UMBRELLA BIRD
1982.jpg,RUBY THROATED HUMMINGBIRD
1983.jpg,GOLD WING WARBLER
1984.jpg,CAPUCHINBIRD
1985.jpg,WHITE THROATED BEE EATER
1986.jpg,CAPPED HERON
1987.jpg,MALEO
1988.jpg,BALD EAGLE
1989.jpg,BALD IBIS
1990.jpg,ELLIOTS  PHEASANT
1991.jpg,RAINBOW LORIKEET
1992.jpg,GRAY CATBIRD
1993.jpg,BEARDED REEDLING
1994.jpg,WHITE NECKED RAVEN
1995.jpg,CERULEAN WARBLER
1996.jpg,WHITE CHEEKED TURACO
1997.jpg,OVENBIRD
1998.jpg,BANDED PITA
1999.jpg,CRESTED NUTHATCH
2000.jpg,TAKAHE
2001.jpg,EASTERN BLUEBIRD
2002.jpg,WHITE THROATED BEE EATER
2003.jpg,BELTED KINGFISHER
2004.jpg,BALTIMORE ORIOLE
2005.jpg,PURPLE MARTIN
2006.jpg,ROYAL FLYCATCHER
2007.jpg,GOLDEN CHEEKED WARBLER
2008.jpg,CRESTED AUKLET
2009.jpg,HOUSE SPARROW
2010.jpg,KING VULTURE
2011.jpg,GAMBELS QUAIL
2012.jpg,TEAL DUCK
2013.jpg,TOUCHAN
2014.jpg,CINNAMON TEAL
2015.jpg,OCELLATED TURKEY
2016.jpg,AMERICAN REDSTART
2017.jpg,BLACK TAIL CRAKE
2018.jpg,COMMON LOON
2019.jpg,RED FACED CORMORANT
2020.jpg,CASSOWARY
2021.jpg,SAND MARTIN
2022.jpg,SRI LANKA BLUE MAGPIE
2023.jpg,HAWAIIAN GOOSE
2024.jpg,CUBAN TODY
2025.jpg,COCKATOO
2026.jpg,RUFUOS MOTMOT
2027.jpg,RED WINGED BLACKBIRD
2028.jpg,COMMON POORWILL
2029.jpg,BELTED KINGFISHER
2030.jpg,NORTHERN CARDINAL
2031.jpg,INDIAN PITTA
2032.jpg,ROUGH LEG BUZZARD
2033.jpg,BROWN CREPPER
2034.jpg,BALD IBIS
2035.jpg,PAINTED BUNTIG
2036.jpg,PEREGRINE FALCON
2037.jpg,CAPUCHINBIRD
2038.jpg,UMBRELLA BIRD
2039.jpg,TAIWAN MAGPIE
2040.jpg,FLAMINGO
2041.jpg,FLAME TANAGER
2042.jpg,GOLD WING WARBLER
2043.jpg,ANHINGA
2044.jpg,HOUSE SPARROW
2045.jpg,OSPREY
2046.jpg,PARADISE TANAGER
2047.jpg,CROW
2048.jpg,D-ARNAUDS BARBET
2049.jpg,NICOBAR PIGEON
2050.jpg,AMERICAN PIPIT
2051.jpg,PEACOCK
2052.jpg,VICTORIA CROWNED PIGEON
2053.jpg,TRUMPTER SWAN
2054.jpg,BORNEAN PHEASANT
2055.jpg,ENGGANO MYNA
2056.jpg,EURASIAN MAGPIE
2057.jpg,RED BEARDED BEE EATER
2058.jpg,ASIAN CRESTED IBIS
2059.jpg,BANDED PITA
2060.jpg,ELEGANT TROGON
2061.jpg,BLACK THROATED BUSHTIT
2062.jpg,GRAY CATBIRD
2063.jpg,STRIPPED SWALLOW
2064.jpg,CACTUS WREN
2065.jpg,VIOLET GREEN SWALLOW
2066.jpg,CHIPPING SPARROW
2067.jpg,CALIFORNIA GULL
2068.jpg,CARMINE BEE-EATER
2069.jpg,RAZORBILL
2070.jpg,HOUSE FINCH
2071.jpg,COCK OF THE  ROCK
2072.jpg,AMERICAN COOT
2073.jpg,ROCK DOVE
2074.jpg,BAR-TAILED GODWIT
2075.jpg,BALI STARLING
2076.jpg,NOISY FRIARBIRD
2077.jpg,RUFUOS MOTMOT
2078.jpg,CAPE MAY WARBLER
2079.jpg,OCELLATED TURKEY
2080.jpg,COMMON LOON
2081.jpg,MALEO
2082.jpg,GUINEAFOWL
2083.jpg,NORTHERN SHOVELER
2084.jpg,BALD EAGLE
2085.jpg,TRUMPTER SWAN
2086.jpg,RED WISKERED BULBUL
2087.jpg,KAKAPO
2088.jpg,GO AWAY BIRD
2089.jpg,ROYAL FLYCATCHER
2090.jpg,RED BELLIED PITTA
2091.jpg,BLACK THROATED WARBLER
2092.jpg,STRIPPED MANAKIN
2093.jpg,TURQUOISE MOTMOT
2094.jpg,PHILIPPINE EAGLE
2095.jpg,EURASIAN MAGPIE
2096.jpg,HOODED MERGANSER
2097.jpg,WOOD DUCK
2098.jpg,BEARDED BARBET
2099.jpg,FLAME TANAGER
2100.jpg,CHIPPING SPARROW
2101.jpg,BALI STARLING
2102.jpg,STEAMER DUCK
2103.jpg,RED BROWED FINCH
2104.jpg,CAPPED HERON
2105.jpg,SNOWY EGRET
2106.jpg,LONG-EARED OWL
2107.jpg,GOLDEN CHLOROPHONIA
2108.jpg,SHORT BILLED DOWITCHER
2109.jpg,NORTHERN JACANA
2110.jpg,RED HONEY CREEPER
2111.jpg,GOLDEN CHLOROPHONIA
2112.jpg,AMERICAN KESTREL
2113.jpg,VERMILION FLYCATHER
2114.jpg,ASIAN CRESTED IBIS
2115.jpg,ROYAL FLYCATCHER
2116.jpg,ROADRUNNER
2117.jpg,KIWI
2118.jpg,JABIRU
2119.jpg,RED TAILED THRUSH
2120.jpg,COCKATOO
2121.jpg,TREE SWALLOW
2122.jpg,STORK BILLED KINGFISHER
2123.jpg,YELLOW CACIQUE
2124.jpg,MYNA
2125.jpg,BANANAQUIT
2126.jpg,TOWNSENDS WARBLER
2127.jpg,BARRED PUFFBIRD
2128.jpg,INDIAN PITTA
2129.jpg,BALD IBIS
2130.jpg,COMMON STARLING
2131.jpg,CHARA DE COLLAR
2132.jpg,QUETZAL
2133.jpg,RAINBOW LORIKEET
2134.jpg,DOWNY WOODPECKER
2135.jpg,SORA
2136.jpg,COMMON LOON
2137.jpg,RED NAPED TROGON
2138.jpg,CHUKAR PARTRIDGE
2139.jpg,HORNED LARK
2140.jpg,BLACK-THROATED SPARROW
2141.jpg,GYRFALCON
2142.jpg,BEARDED REEDLING
2143.jpg,MANDRIN DUCK
2144.jpg,COUCHS KINGBIRD
2145.jpg,SANDHILL CRANE
2146.jpg,BORNEAN BRISTLEHEAD
2147.jpg,RED NAPED TROGON
2148.jpg,ROBIN
2149.jpg,TASMANIAN HEN
2150.jpg,CASPIAN TERN
2151.jpg,COMMON HOUSE MARTIN
2152.jpg,AMERICAN GOLDFINCH
2153.jpg,GYRFALCON
2154.jpg,CALIFORNIA QUAIL
2155.jpg,MALACHITE KINGFISHER
2156.jpg,TREE SWALLOW
2157.jpg,HORNBILL
2158.jpg,SCARLET TANAGER
2159.jpg,BEARDED BELLBIRD
2160.jpg,NORTHERN FLICKER
2161.jpg,SRI LANKA BLUE MAGPIE
2162.jpg,MALLARD DUCK
2163.jpg,MASKED LAPWING
2164.jpg,EURASIAN MAGPIE
2165.jpg,BALD EAGLE
2166.jpg,ARARIPE MANAKIN
2167.jpg,CRESTED NUTHATCH
2168.jpg,BLUE HERON
2169.jpg,SPOON BILED SANDPIPER
2170.jpg,ANHINGA
2171.jpg,VULTURINE GUINEAFOWL
2172.jpg,SAMATRAN THRUSH
2173.jpg,RED HEADED WOODPECKER
2174.jpg,YELLOW BELLIED FLOWERPECKER
2175.jpg,CUBAN TROGON
2176.jpg,SANDHILL CRANE
2177.jpg,DARK EYED JUNCO
2178.jpg,MALAGASY WHITE EYE
2179.jpg,BLACK VULTURE
2180.jpg,EURASIAN GOLDEN ORIOLE
2181.jpg,ALBATROSS
2182.jpg,COMMON FIRECREST
2183.jpg,CAPPED HERON
2184.jpg,KOOKABURRA
2185.jpg,ANNAS HUMMINGBIRD
2186.jpg,BLACK SWAN
2187.jpg,BORNEAN LEAFBIRD
2188.jpg,CEDAR WAXWING
2189.jpg,SHOEBILL
2190.jpg,LILAC ROLLER
2191.jpg,BLACK VULTURE
2192.jpg,HIMALAYAN MONAL
2193.jpg,ELEGANT TROGON
2194.jpg,PARAKETT  AKULET
2195.jpg,FLAMINGO
2196.jpg,COLLARED ARACARI
2197.jpg,HAWAIIAN GOOSE
2198.jpg,TIT MOUSE
2199.jpg,EMU
2200.jpg,UMBRELLA BIRD
2201.jpg,AMERICAN BITTERN
2202.jpg,VULTURINE GUINEAFOWL
2203.jpg,YELLOW HEADED BLACKBIRD
2204.jpg,ALEXANDRINE PARAKEET
2205.jpg,WHITE THROATED BEE EATER
2206.jpg,VICTORIA CROWNED PIGEON
2207.jpg,SWINHOES PHEASANT
2208.jpg,RUBY THROATED HUMMINGBIRD
2209.jpg,IMPERIAL SHAQ
2210.jpg,FAIRY BLUEBIRD
2211.jpg,OSTRICH
2212.jpg,VICTORIA CROWNED PIGEON
2213.jpg,KING VULTURE
2214.jpg,BARN OWL
2215.jpg,CUBAN TODY
2216.jpg,CALIFORNIA GULL
2217.jpg,BIRD OF PARADISE
2218.jpg,RED TAILED THRUSH
2219.jpg,GOLD WING WARBLER
2220.jpg,WATTLED CURASSOW
2221.jpg,FIRE TAILLED MYZORNIS
2222.jpg,GILDED FLICKER
2223.jpg,ENGGANO MYNA
2224.jpg,AMERICAN REDSTART
2225.jpg,CROW
2226.jpg,OYSTER CATCHER
2227.jpg,BEARDED REEDLING
2228.jpg,SCARLET MACAW
2229.jpg,PURPLE SWAMPHEN
2230.jpg,BROWN THRASHER
2231.jpg,RAINBOW LORIKEET
2232.jpg,GREY PLOVER
2233.jpg,RED HEADED WOODPECKER
2234.jpg,WHITE CHEEKED TURACO
2235.jpg,HORNED SUNGEM
2236.jpg,BARRED PUFFBIRD
2237.jpg,TAIWAN MAGPIE
2238.jpg,OYSTER CATCHER
2239.jpg,GOLDEN EAGLE
2240.jpg,BALTIMORE ORIOLE
2241.jpg,PEREGRINE FALCON
2242.jpg,TREE SWALLOW
2243.jpg,HORNBILL
2244.jpg,RED BEARDED BEE EATER
2245.jpg,MAGPIE GOOSE
2246.jpg,CALIFORNIA QUAIL
2247.jpg,WATTLED CURASSOW
2248.jpg,GOLDEN EAGLE
2249.jpg,BLUE GROUSE
2250.jpg,HOUSE FINCH
2251.jpg,ANTBIRD
2252.jpg,PHILIPPINE EAGLE
2253.jpg,STRIPPED SWALLOW
2254.jpg,INCA TERN
2255.jpg,SCARLET MACAW
2256.jpg,COLLARED ARACARI
2257.jpg,CHIPPING SPARROW
2258.jpg,FRIGATE
2259.jpg,SHOEBILL
2260.jpg,HARPY EAGLE
2261.jpg,BORNEAN PHEASANT
2262.jpg,NORTHERN FLICKER
2263.jpg,EASTERN MEADOWLARK
2264.jpg,BEARDED BARBET
2265.jpg,ROADRUNNER
2266.jpg,AMERICAN REDSTART
2267.jpg,BOBOLINK
2268.jpg,GOLDEN EAGLE
2269.jpg,STRAWBERRY FINCH
2270.jpg,KAGU
2271.jpg,NORTHERN JACANA
2272.jpg,MYNA
2273.jpg,SPOONBILL
2274.jpg,HOATZIN
2275.jpg,BLACK SKIMMER
2276.jpg,SNOWY EGRET
2277.jpg,GOLDEN CHLOROPHONIA
2278.jpg,ALEXANDRINE PARAKEET
2279.jpg,CLARKS NUTCRACKER
2280.jpg,FAIRY BLUEBIRD
2281.jpg,BARRED PUFFBIRD
2282.jpg,MALAGASY WHITE EYE
2283.jpg,AMERICAN KESTREL
2284.jpg,WALL CREAPER
2285.jpg,ANNAS HUMMINGBIRD
2286.jpg,HARPY EAGLE
2287.jpg,RING-NECKED PHEASANT
2288.jpg,ENGGANO MYNA
2289.jpg,KIWI
2290.jpg,GOLDEN EAGLE
2291.jpg,WHITE NECKED RAVEN
2292.jpg,VICTORIA CROWNED PIGEON
2293.jpg,TOUCHAN
2294.jpg,NORTHERN RED BISHOP
2295.jpg,SPANGLED COTINGA
2296.jpg,PARAKETT  AKULET
2297.jpg,NORTHERN PARULA
2298.jpg,RUFUOS MOTMOT
2299.jpg,HORNED SUNGEM
2300.jpg,ELLIOTS  PHEASANT
2301.jpg,WILSONS BIRD OF PARADISE
2302.jpg,HOUSE FINCH
2303.jpg,GRAY CATBIRD
2304.jpg,BLONDE CRESTED WOODPECKER
2305.jpg,WATTLED CURASSOW
2306.jpg,ANHINGA
2307.jpg,NOISY FRIARBIRD
2308.jpg,NORTHERN BALD IBIS
2309.jpg,NORTHERN CARDINAL
2310.jpg,WHITE NECKED RAVEN
2311.jpg,GREAT POTOO
2312.jpg,LONG-EARED OWL
2313.jpg,PURPLE MARTIN
2314.jpg,BAR-TAILED GODWIT
2315.jpg,TURKEY VULTURE
2316.jpg,TASMANIAN HEN
2317.jpg,CURL CRESTED ARACURI
2318.jpg,NORTHERN GANNET
2319.jpg,MANDRIN DUCK
2320.jpg,BANDED PITA
2321.jpg,MARABOU STORK
2322.jpg,CASSOWARY
2323.jpg,ELEGANT TROGON
2324.jpg,PEACOCK
2325.jpg,NORTHERN GOSHAWK
2326.jpg,BLACK THROATED BUSHTIT
2327.jpg,NORTHERN SHOVELER
2328.jpg,RUFOUS KINGFISHER
2329.jpg,NORTHERN FLICKER
2330.jpg,YELLOW HEADED BLACKBIRD
2331.jpg,PELICAN
2332.jpg,GOLDEN PHEASANT
2333.jpg,TASMANIAN HEN
2334.jpg,RED HONEY CREEPER
2335.jpg,INDIGO BUNTING
2336.jpg,BLACK & YELLOW bROADBILL
2337.jpg,PURPLE SWAMPHEN
2338.jpg,DOUBLE BARRED FINCH
2339.jpg,STRIPPED MANAKIN
2340.jpg,CEDAR WAXWING
2341.jpg,BALTIMORE ORIOLE
2342.jpg,ORANGE BRESTED BUNTING
2343.jpg,TEAL DUCK
2344.jpg,HOATZIN
2345.jpg,MALACHITE KINGFISHER
2346.jpg,RED BROWED FINCH
2347.jpg,BALI STARLING
2348.jpg,ANHINGA
2349.jpg,RED WINGED BLACKBIRD
2350.jpg,BORNEAN BRISTLEHEAD
2351.jpg,NOISY FRIARBIRD
2352.jpg,GO AWAY BIRD
2353.jpg,VIOLET GREEN SWALLOW
2354.jpg,HAWAIIAN GOOSE
2355.jpg,BLONDE CRESTED WOODPECKER
2356.jpg,CALIFORNIA GULL
2357.jpg,HOODED MERGANSER
2358.jpg,COMMON POORWILL
2359.jpg,BLONDE CRESTED WOODPECKER
2360.jpg,CINNAMON TEAL
2361.jpg,BLACK THROATED WARBLER
2362.jpg,STRAWBERRY FINCH
2363.jpg,GREEN MAGPIE
2364.jpg,FRIGATE
2365.jpg,EASTERN TOWEE
2366.jpg,ROSY FACED LOVEBIRD
2367.jpg,HOUSE SPARROW
2368.jpg,ANHINGA
2369.jpg,MARABOU STORK
2370.jpg,MOURNING DOVE
2371.jpg,GOLDEN CHEEKED WARBLER
2372.jpg,BARN OWL
2373.jpg,SNOWY EGRET
2374.jpg,GOLDEN CHEEKED WARBLER
2375.jpg,NORTHERN GANNET
2376.jpg,CAPE MAY WARBLER
2377.jpg,WHITE THROATED BEE EATER
2378.jpg,VIOLET GREEN SWALLOW
2379.jpg,CHARA DE COLLAR
2380.jpg,HOODED MERGANSER
2381.jpg,TAIWAN MAGPIE
2382.jpg,COMMON GRACKLE
2383.jpg,BLACK SWAN
2384.jpg,LEARS MACAW
2385.jpg,WILD TURKEY
2386.jpg,PAINTED BUNTIG
2387.jpg,GUINEA TURACO
2388.jpg,PEACOCK
2389.jpg,BEARDED BELLBIRD
2390.jpg,SWINHOES PHEASANT
2391.jpg,ALEXANDRINE PARAKEET
2392.jpg,RED WISKERED BULBUL
2393.jpg,SORA
2394.jpg,BROWN THRASHER
2395.jpg,BALD IBIS
2396.jpg,OCELLATED TURKEY
2397.jpg,CALIFORNIA QUAIL
2398.jpg,OVENBIRD
2399.jpg,FLAME TANAGER
2400.jpg,ELLIOTS  PHEASANT
2401.jpg,KOOKABURRA
2402.jpg,RED TAILED HAWK
2403.jpg,SHORT BILLED DOWITCHER
2404.jpg,BEARDED REEDLING
2405.jpg,TAKAHE
2406.jpg,WATTLED CURASSOW
2407.jpg,WHITE TAILED TROPIC
2408.jpg,LONG-EARED OWL
2409.jpg,BLACK TAIL CRAKE
2410.jpg,TOWNSENDS WARBLER
2411.jpg,VENEZUELIAN TROUPIAL
2412.jpg,WALL CREAPER
2413.jpg,PYGMY KINGFISHER
2414.jpg,WHITE TAILED TROPIC
2415.jpg,PEREGRINE FALCON
2416.jpg,STRIPPED SWALLOW
2417.jpg,BALI STARLING
2418.jpg,BLACK-NECKED GREBE
2419.jpg,LARK BUNTING
2420.jpg,SCARLET IBIS
2421.jpg,CALIFORNIA CONDOR
2422.jpg,RED BEARDED BEE EATER
2423.jpg,OKINAWA RAIL
2424.jpg,BAR-TAILED GODWIT
2425.jpg,GREEN MAGPIE
2426.jpg,HOATZIN
2427.jpg,BELTED KINGFISHER
2428.jpg,GREEN MAGPIE
2429.jpg,CRESTED CARACARA
2430.jpg,GREEN JAY
2431.jpg,BAY-BREASTED WARBLER
2432.jpg,BARN SWALLOW
2433.jpg,CUBAN TROGON
2434.jpg,BARN SWALLOW
2435.jpg,AMERICAN COOT
2436.jpg,COCKATOO
2437.jpg,CALIFORNIA CONDOR
2438.jpg,WALL CREAPER
2439.jpg,QUETZAL
2440.jpg,WILSONS BIRD OF PARADISE
2441.jpg,FIRE TAILLED MYZORNIS
2442.jpg,INDIAN BUSTARD
2443.jpg,ROCK DOVE
2444.jpg,MASKED LAPWING
2445.jpg,FLAME TANAGER
2446.jpg,BULWERS PHEASANT
2447.jpg,VICTORIA CROWNED PIGEON
2448.jpg,NORTHERN GANNET
2449.jpg,EVENING GROSBEAK
2450.jpg,AFRICAN CROWNED CRANE
2451.jpg,CHUKAR PARTRIDGE
2452.jpg,BLACK TAIL CRAKE
2453.jpg,STRIPPED MANAKIN
2454.jpg,TIT MOUSE
2455.jpg,BLACKBURNIAM WARBLER
2456.jpg,NORTHERN GANNET
2457.jpg,KAGU
2458.jpg,ELLIOTS  PHEASANT
2459.jpg,COMMON GRACKLE
2460.jpg,SHORT BILLED DOWITCHER
2461.jpg,ALBATROSS
2462.jpg,AMERICAN GOLDFINCH
2463.jpg,NICOBAR PIGEON
2464.jpg,SNOWY OWL
2465.jpg,BLUE HERON
2466.jpg,EMPEROR PENGUIN
2467.jpg,YELLOW HEADED BLACKBIRD
2468.jpg,SHOEBILL
2469.jpg,ROSY FACED LOVEBIRD
2470.jpg,BROWN NOODY
2471.jpg,CHARA DE COLLAR
2472.jpg,PUFFIN
2473.jpg,BANDED BROADBILL
2474.jpg,CERULEAN WARBLER
2475.jpg,ELLIOTS  PHEASANT
2476.jpg,GOLDEN EAGLE
2477.jpg,EASTERN ROSELLA
2478.jpg,EURASIAN GOLDEN ORIOLE
2479.jpg,ANNAS HUMMINGBIRD
2480.jpg,EMPEROR PENGUIN
2481.jpg,ROYAL FLYCATCHER
2482.jpg,HOUSE FINCH
2483.jpg,OVENBIRD
2484.jpg,RED HONEY CREEPER
2485.jpg,AMERICAN AVOCET
2486.jpg,BULWERS PHEASANT
2487.jpg,COMMON STARLING
2488.jpg,STORK BILLED KINGFISHER
2489.jpg,BLACK TAIL CRAKE
2490.jpg,NOISY FRIARBIRD
2491.jpg,TAKAHE
2492.jpg,CASSOWARY
2493.jpg,EVENING GROSBEAK
2494.jpg,STRAWBERRY FINCH
2495.jpg,BIRD OF PARADISE
2496.jpg,COMMON LOON
2497.jpg,GREATOR SAGE GROUSE
2498.jpg,MIKADO  PHEASANT
2499.jpg,RED NAPED TROGON
2500.jpg,RED FACED WARBLER
2501.jpg,BLACK FRANCOLIN
2502.jpg,BROWN CREPPER
2503.jpg,KILLDEAR
2504.jpg,EASTERN BLUEBIRD
2505.jpg,WHITE NECKED RAVEN
2506.jpg,ORANGE BRESTED BUNTING
2507.jpg,GOULDIAN FINCH
2508.jpg,RUFOUS KINGFISHER
2509.jpg,WALL CREAPER
2510.jpg,RED HONEY CREEPER
2511.jpg,NORTHERN MOCKINGBIRD
2512.jpg,GOLDEN PHEASANT
2513.jpg,ANTBIRD
2514.jpg,BIRD OF PARADISE
2515.jpg,COLLARED ARACARI
2516.jpg,CRESTED NUTHATCH
2517.jpg,VERMILION FLYCATHER
2518.jpg,SPOONBILL
2519.jpg,SPANGLED COTINGA
2520.jpg,JABIRU
2521.jpg,BAR-TAILED GODWIT
2522.jpg,RAZORBILL
2523.jpg,FIRE TAILLED MYZORNIS
2524.jpg,CHUKAR PARTRIDGE
2525.jpg,AMERICAN KESTREL
2526.jpg,MAGPIE GOOSE
2527.jpg,BEARDED REEDLING
2528.jpg,TASMANIAN HEN
2529.jpg,RED BEARDED BEE EATER
2530.jpg,ROUGH LEG BUZZARD
2531.jpg,GRAY PARTRIDGE
2532.jpg,MASKED BOOBY
2533.jpg,GREEN BROADBILL
2534.jpg,PEREGRINE FALCON
2535.jpg,PELICAN
2536.jpg,PARADISE TANAGER
2537.jpg,KAGU
2538.jpg,QUETZAL
2539.jpg,CURL CRESTED ARACURI
2540.jpg,ROADRUNNER
2541.jpg,BULWERS PHEASANT
2542.jpg,HIMALAYAN MONAL
2543.jpg,QUETZAL
2544.jpg,EASTERN BLUEBIRD
2545.jpg,RUBY THROATED HUMMINGBIRD
2546.jpg,MALACHITE KINGFISHER
2547.jpg,ELLIOTS  PHEASANT
2548.jpg,RED HEADED WOODPECKER
2549.jpg,MIKADO  PHEASANT
2550.jpg,RUBY THROATED HUMMINGBIRD
2551.jpg,TAIWAN MAGPIE
2552.jpg,BLUE GROUSE
2553.jpg,CUBAN TROGON
2554.jpg,BAY-BREASTED WARBLER
2555.jpg,PUFFIN
2556.jpg,BROWN NOODY
2557.jpg,BLACK SKIMMER
2558.jpg,CRESTED AUKLET
2559.jpg,GOLD WING WARBLER
2560.jpg,GREEN BROADBILL
2561.jpg,INCA TERN
2562.jpg,REGENT BOWERBIRD
2563.jpg,BELTED KINGFISHER
2564.jpg,GILA WOODPECKER
2565.jpg,TOUCHAN
2566.jpg,RED HONEY CREEPER
2567.jpg,GREEN MAGPIE
2568.jpg,CALIFORNIA GULL
2569.jpg,RED FACED WARBLER
2570.jpg,NORTHERN PARULA
2571.jpg,GANG GANG COCKATOO
2572.jpg,WOOD DUCK
2573.jpg,BARN OWL
2574.jpg,HOUSE FINCH
2575.jpg,BLACK THROATED WARBLER
2576.jpg,DARK EYED JUNCO
2577.jpg,MALAGASY WHITE EYE
2578.jpg,AMERICAN PIPIT
2579.jpg,NORTHERN RED BISHOP
2580.jpg,GAMBELS QUAIL
2581.jpg,AFRICAN FIREFINCH
2582.jpg,AMERICAN GOLDFINCH
2583.jpg,WHIMBREL
2584.jpg,ROBIN
2585.jpg,BORNEAN LEAFBIRD
2586.jpg,VULTURINE GUINEAFOWL
2587.jpg,BARRED PUFFBIRD
2588.jpg,CALIFORNIA CONDOR
2589.jpg,CROWNED PIGEON
2590.jpg,SORA
2591.jpg,GREY PLOVER
2592.jpg,RED FACED WARBLER
2593.jpg,CEDAR WAXWING
2594.jpg,BLONDE CRESTED WOODPECKER
2595.jpg,GUINEAFOWL
2596.jpg,EURASIAN GOLDEN ORIOLE
2597.jpg,GOLDEN PIPIT
2598.jpg,HELMET VANGA
2599.jpg,YELLOW CACIQUE
2600.jpg,SMITHS LONGSPUR
2601.jpg,EASTERN BLUEBIRD
2602.jpg,HORNBILL
2603.jpg,BANDED BROADBILL
2604.jpg,SUPERB STARLING
2605.jpg,TRUMPTER SWAN
2606.jpg,INDIAN BUSTARD
2607.jpg,RED TAILED THRUSH
2608.jpg,BLACK-CAPPED CHICKADEE
2609.jpg,DOUBLE BRESTED CORMARANT
2610.jpg,GLOSSY IBIS
2611.jpg,SCARLET IBIS
2612.jpg,LARK BUNTING
2613.jpg,SHOEBILL
2614.jpg,GREEN BROADBILL
2615.jpg,INCA TERN
2616.jpg,COMMON GRACKLE
2617.jpg,NORTHERN SHOVELER
2618.jpg,CROW
2619.jpg,EURASIAN MAGPIE
2620.jpg,BORNEAN BRISTLEHEAD
2621.jpg,PELICAN
2622.jpg,AMERICAN COOT
2623.jpg,QUETZAL
2624.jpg,PURPLE MARTIN
2625.jpg,CARMINE BEE-EATER
2626.jpg,SANDHILL CRANE
2627.jpg,PURPLE GALLINULE
2628.jpg,RED BROWED FINCH
2629.jpg,OYSTER CATCHER
2630.jpg,VENEZUELIAN TROUPIAL
2631.jpg,CRESTED CARACARA
2632.jpg,KING VULTURE
2633.jpg,BOBOLINK
2634.jpg,CANARY
2635.jpg,LONG-EARED OWL
2636.jpg,JAVA SPARROW
2637.jpg,CALIFORNIA QUAIL
2638.jpg,CAPUCHINBIRD
2639.jpg,YELLOW CACIQUE
2640.jpg,BALD IBIS
2641.jpg,GUINEA TURACO
2642.jpg,OSTRICH
2643.jpg,CROWNED PIGEON
2644.jpg,FIRE TAILLED MYZORNIS
2645.jpg,PEREGRINE FALCON
2646.jpg,STRAWBERRY FINCH
2647.jpg,PALILA
2648.jpg,BLUE GROUSE
2649.jpg,NORTHERN CARDINAL
2650.jpg,RED FACED CORMORANT
2651.jpg,NORTHERN FLICKER
2652.jpg,BANDED PITA
2653.jpg,CASPIAN TERN
2654.jpg,GOLDEN PIPIT
2655.jpg,EURASIAN GOLDEN ORIOLE
2656.jpg,WHITE TAILED TROPIC
2657.jpg,NORTHERN PARULA
2658.jpg,INDIGO BUNTING
2659.jpg,GUINEAFOWL
2660.jpg,CALIFORNIA QUAIL
2661.jpg,COMMON STARLING
2662.jpg,PALILA
2663.jpg,COUCHS KINGBIRD
2664.jpg,TURKEY VULTURE
2665.jpg,COCKATOO
2666.jpg,LILAC ROLLER
2667.jpg,NORTHERN MOCKINGBIRD
2668.jpg,HOATZIN
2669.jpg,EMU
2670.jpg,BLACK-CAPPED CHICKADEE
2671.jpg,HORNED GUAN
2672.jpg,ANHINGA
2673.jpg,RED HONEY CREEPER
2674.jpg,RED FACED CORMORANT
2675.jpg,BROWN CREPPER
2676.jpg,RED BEARDED BEE EATER
2677.jpg,CRESTED NUTHATCH
2678.jpg,BLACKBURNIAM WARBLER
2679.jpg,DOUBLE BARRED FINCH
2680.jpg,CARMINE BEE-EATER
2681.jpg,SMITHS LONGSPUR
2682.jpg,MALLARD DUCK
2683.jpg,NORTHERN PARULA
2684.jpg,COMMON POORWILL
2685.jpg,SAMATRAN THRUSH
2686.jpg,TIT MOUSE
2687.jpg,GREEN BROADBILL
2688.jpg,GYRFALCON
2689.jpg,SPLENDID WREN
2690.jpg,SAMATRAN THRUSH
2691.jpg,SHOEBILL
2692.jpg,NOISY FRIARBIRD
2693.jpg,EURASIAN GOLDEN ORIOLE
2694.jpg,HOODED MERGANSER
2695.jpg,RED FACED CORMORANT
2696.jpg,REGENT BOWERBIRD
2697.jpg,HARPY EAGLE
2698.jpg,TAKAHE
2699.jpg,CAPE MAY WARBLER
2700.jpg,SPOONBILL
2701.jpg,FRIGATE
2702.jpg,MASKED LAPWING
2703.jpg,PURPLE SWAMPHEN
2704.jpg,MALAGASY WHITE EYE
2705.jpg,GANG GANG COCKATOO
2706.jpg,BALD IBIS
2707.jpg,BALD EAGLE
2708.jpg,CAPUCHINBIRD
2709.jpg,CANARY
2710.jpg,MALLARD DUCK
2711.jpg,WOOD DUCK
2712.jpg,SUPERB STARLING
2713.jpg,GANG GANG COCKATOO
2714.jpg,BLACK-CAPPED CHICKADEE
2715.jpg,DARK EYED JUNCO
2716.jpg,EURASIAN GOLDEN ORIOLE
2717.jpg,NORTHERN MOCKINGBIRD
2718.jpg,BEARDED BARBET
2719.jpg,KING VULTURE
2720.jpg,OCELLATED TURKEY
2721.jpg,COMMON LOON
2722.jpg,ANTBIRD
2723.jpg,AFRICAN FIREFINCH
2724.jpg,COMMON POORWILL
2725.jpg,STRIPPED MANAKIN
2726.jpg,PURPLE MARTIN
2727.jpg,BLACK THROATED BUSHTIT
2728.jpg,COMMON FIRECREST
2729.jpg,TRUMPTER SWAN
2730.jpg,CALIFORNIA CONDOR
2731.jpg,GUINEAFOWL
2732.jpg,ASIAN CRESTED IBIS
2733.jpg,CRESTED NUTHATCH
2734.jpg,GUINEAFOWL
2735.jpg,OVENBIRD
2736.jpg,BLACK-CAPPED CHICKADEE
2737.jpg,CHARA DE COLLAR
2738.jpg,D-ARNAUDS BARBET
2739.jpg,UMBRELLA BIRD
2740.jpg,STRIPPED SWALLOW
2741.jpg,HOODED MERGANSER
2742.jpg,ANHINGA
2743.jpg,AMERICAN GOLDFINCH
2744.jpg,GOULDIAN FINCH
2745.jpg,FAIRY BLUEBIRD
2746.jpg,OKINAWA RAIL
2747.jpg,GANG GANG COCKATOO
2748.jpg,MALLARD DUCK
2749.jpg,PARUS MAJOR
2750.jpg,CHARA DE COLLAR
2751.jpg,HORNED GUAN
2752.jpg,PYGMY KINGFISHER
2753.jpg,BARN OWL
2754.jpg,BLACK SWAN
2755.jpg,D-ARNAUDS BARBET
2756.jpg,HORNBILL
2757.jpg,EMU
2758.jpg,RED FACED CORMORANT
2759.jpg,RAINBOW LORIKEET
2760.jpg,RED WINGED BLACKBIRD
2761.jpg,CUBAN TROGON
2762.jpg,CANARY
2763.jpg,WHITE TAILED TROPIC
2764.jpg,RUDY KINGFISHER
2765.jpg,GRAY CATBIRD
2766.jpg,MALLARD DUCK
2767.jpg,CLARKS NUTCRACKER
2768.jpg,BLACK-NECKED GREBE
2769.jpg,FRIGATE
2770.jpg,BLACK THROATED WARBLER
2771.jpg,TAIWAN MAGPIE
2772.jpg,BLACKBURNIAM WARBLER
2773.jpg,HORNED LARK
2774.jpg,BELTED KINGFISHER
2775.jpg,CASPIAN TERN
2776.jpg,GO AWAY BIRD
2777.jpg,JAVA SPARROW
2778.jpg,ARARIPE MANAKIN
2779.jpg,HIMALAYAN MONAL
2780.jpg,AMERICAN GOLDFINCH
2781.jpg,EASTERN TOWEE
2782.jpg,VERMILION FLYCATHER
2783.jpg,MASKED BOOBY
2784.jpg,NORTHERN FLICKER
2785.jpg,EMPEROR PENGUIN
2786.jpg,ROBIN
2787.jpg,RAZORBILL
2788.jpg,DOUBLE BARRED FINCH
2789.jpg,STRAWBERRY FINCH
2790.jpg,RED TAILED HAWK
2791.jpg,NORTHERN FLICKER
2792.jpg,GOULDIAN FINCH
2793.jpg,VERMILION FLYCATHER
2794.jpg,DOUBLE BRESTED CORMARANT
2795.jpg,HOUSE FINCH
2796.jpg,PARADISE TANAGER
2797.jpg,PHILIPPINE EAGLE
2798.jpg,GOLDEN CHLOROPHONIA
2799.jpg,ANNAS HUMMINGBIRD
2800.jpg,KOOKABURRA
2801.jpg,ENGGANO MYNA
2802.jpg,CHUKAR PARTRIDGE
2803.jpg,SRI LANKA BLUE MAGPIE
2804.jpg,KAKAPO
2805.jpg,GREATOR SAGE GROUSE
2806.jpg,WILD TURKEY
2807.jpg,MALEO
2808.jpg,PYGMY KINGFISHER
2809.jpg,RED FACED WARBLER
2810.jpg,STRAWBERRY FINCH
2811.jpg,BAY-BREASTED WARBLER
2812.jpg,LEARS MACAW
2813.jpg,BANANAQUIT
2814.jpg,BANANAQUIT
2815.jpg,ROSY FACED LOVEBIRD
2816.jpg,PARADISE TANAGER
2817.jpg,GO AWAY BIRD
2818.jpg,EVENING GROSBEAK
2819.jpg,BLONDE CRESTED WOODPECKER
2820.jpg,ALEXANDRINE PARAKEET
2821.jpg,CASSOWARY
2822.jpg,GOLDEN PIPIT
2823.jpg,RED BROWED FINCH
2824.jpg,MANDRIN DUCK
2825.jpg,BAR-TAILED GODWIT
2826.jpg,VARIED THRUSH
2827.jpg,MALABAR HORNBILL
2828.jpg,BEARDED BELLBIRD
2829.jpg,GREAT POTOO
2830.jpg,GREATOR SAGE GROUSE
2831.jpg,OYSTER CATCHER
2832.jpg,TAKAHE
2833.jpg,PINK ROBIN
2834.jpg,BLACK SWAN
2835.jpg,GUINEA TURACO
2836.jpg,SRI LANKA BLUE MAGPIE
2837.jpg,PAINTED BUNTIG
2838.jpg,GREEN BROADBILL
2839.jpg,GLOSSY IBIS
2840.jpg,GUINEA TURACO
2841.jpg,EASTERN ROSELLA
2842.jpg,NORTHERN RED BISHOP
2843.jpg,CACTUS WREN
2844.jpg,EURASIAN GOLDEN ORIOLE
2845.jpg,BLACK VULTURE
2846.jpg,BAR-TAILED GODWIT
2847.jpg,NORTHERN RED BISHOP
2848.jpg,FAIRY BLUEBIRD
2849.jpg,SWINHOES PHEASANT
2850.jpg,HIMALAYAN MONAL
2851.jpg,EASTERN ROSELLA
2852.jpg,VICTORIA CROWNED PIGEON
2853.jpg,GREEN JAY
2854.jpg,BANDED PITA
2855.jpg,GREEN JAY
2856.jpg,WILSONS BIRD OF PARADISE
2857.jpg,MOURNING DOVE
2858.jpg,VIOLET GREEN SWALLOW
2859.jpg,ROYAL FLYCATCHER
2860.jpg,SAND MARTIN
2861.jpg,EMPEROR PENGUIN
2862.jpg,MALABAR HORNBILL
2863.jpg,GUINEAFOWL
2864.jpg,YELLOW BELLIED FLOWERPECKER
2865.jpg,AFRICAN CROWNED CRANE
2866.jpg,EASTERN MEADOWLARK
2867.jpg,COMMON GRACKLE
2868.jpg,RUFOUS KINGFISHER
2869.jpg,COUCHS KINGBIRD
2870.jpg,SWINHOES PHEASANT
2871.jpg,OCELLATED TURKEY
2872.jpg,MALAGASY WHITE EYE
2873.jpg,SMITHS LONGSPUR
2874.jpg,BLUE HERON
2875.jpg,GRAY PARTRIDGE
2876.jpg,QUETZAL
2877.jpg,STRIPPED SWALLOW
2878.jpg,CINNAMON TEAL
2879.jpg,CANARY
2880.jpg,PAINTED BUNTIG
2881.jpg,CEDAR WAXWING
2882.jpg,OVENBIRD
2883.jpg,BORNEAN LEAFBIRD
2884.jpg,BLACK & YELLOW bROADBILL
2885.jpg,TAKAHE
2886.jpg,LILAC ROLLER
2887.jpg,TRUMPTER SWAN
2888.jpg,BEARDED BARBET
2889.jpg,OKINAWA RAIL
2890.jpg,GOLDEN EAGLE
2891.jpg,HELMET VANGA
2892.jpg,WHIMBREL
2893.jpg,HORNED LARK
2894.jpg,WATTLED CURASSOW
2895.jpg,CRESTED CARACARA
2896.jpg,SUPERB STARLING
2897.jpg,INCA TERN
2898.jpg,CURL CRESTED ARACURI
2899.jpg,CINNAMON TEAL
2900.jpg,BLACKBURNIAM WARBLER
2901.jpg,STEAMER DUCK
2902.jpg,BEARDED BELLBIRD
2903.jpg,BLACK & YELLOW bROADBILL
2904.jpg,VULTURINE GUINEAFOWL
2905.jpg,GRAY PARTRIDGE
2906.jpg,ENGGANO MYNA
2907.jpg,PELICAN
2908.jpg,AFRICAN CROWNED CRANE
2909.jpg,AFRICAN CROWNED CRANE
2910.jpg,TIT MOUSE
2911.jpg,SUPERB STARLING
2912.jpg,FIRE TAILLED MYZORNIS
2913.jpg,OSPREY
2914.jpg,SCARLET TANAGER
2915.jpg,HORNED SUNGEM
2916.jpg,BLACK THROATED BUSHTIT
2917.jpg,CHUKAR PARTRIDGE
2918.jpg,MALABAR HORNBILL
2919.jpg,REGENT BOWERBIRD
2920.jpg,HOODED MERGANSER
2921.jpg,INDIGO BUNTING
2922.jpg,ELEGANT TROGON
2923.jpg,BAY-BREASTED WARBLER
2924.jpg,HORNED SUNGEM
2925.jpg,CAPPED HERON
2926.jpg,NORTHERN GANNET
2927.jpg,BLACK FRANCOLIN
2928.jpg,WHIMBREL
2929.jpg,HORNED SUNGEM
2930.jpg,INDIAN PITTA
2931.jpg,ORANGE BRESTED BUNTING
2932.jpg,OKINAWA RAIL
2933.jpg,RUDY KINGFISHER
2934.jpg,HOOPOES
2935.jpg,BLACK VULTURE
2936.jpg,PUFFIN
2937.jpg,AMERICAN REDSTART
2938.jpg,BALD IBIS
2939.jpg,BALTIMORE ORIOLE
2940.jpg,CINNAMON TEAL
2941.jpg,OCELLATED TURKEY
2942.jpg,PARUS MAJOR
2943.jpg,HORNED GUAN
2944.jpg,SMITHS LONGSPUR
2945.jpg,HOATZIN
2946.jpg,TURKEY VULTURE
2947.jpg,WILSONS BIRD OF PARADISE
2948.jpg,BORNEAN BRISTLEHEAD
2949.jpg,KIWI
2950.jpg,GRAY PARTRIDGE
2951.jpg,GYRFALCON
2952.jpg,PARUS MAJOR
2953.jpg,EASTERN BLUEBIRD
2954.jpg,WHITE CHEEKED TURACO
2955.jpg,SPANGLED COTINGA
2956.jpg,PYGMY KINGFISHER
2957.jpg,GILA WOODPECKER
2958.jpg,TREE SWALLOW
2959.jpg,EVENING GROSBEAK
2960.jpg,KAGU
2961.jpg,GOLDEN EAGLE
2962.jpg,AMERICAN PIPIT
2963.jpg,WHITE CHEEKED TURACO
2964.jpg,TURQUOISE MOTMOT
2965.jpg,AFRICAN CROWNED CRANE
2966.jpg,LEARS MACAW
2967.jpg,DOWNY WOODPECKER
2968.jpg,COMMON GRACKLE
2969.jpg,TREE SWALLOW
2970.jpg,CRESTED AUKLET
2971.jpg,YELLOW CACIQUE
2972.jpg,COMMON GRACKLE
2973.jpg,AFRICAN FIREFINCH
2974.jpg,VENEZUELIAN TROUPIAL
2975.jpg,PINK ROBIN
2976.jpg,BALD IBIS
2977.jpg,GREEN JAY
2978.jpg,RED BELLIED PITTA
2979.jpg,COMMON POORWILL
2980.jpg,SPLENDID WREN
2981.jpg,GREY PLOVER
2982.jpg,DOWNY WOODPECKER
2983.jpg,EURASIAN MAGPIE
2984.jpg,WALL CREAPER
2985.jpg,ARARIPE MANAKIN
2986.jpg,INDIGO BUNTING
2987.jpg,VENEZUELIAN TROUPIAL
2988.jpg,BOBOLINK
2989.jpg,ALBATROSS
2990.jpg,YELLOW BELLIED FLOWERPECKER
2991.jpg,WHITE THROATED BEE EATER
2992.jpg,HORNED GUAN
2993.jpg,REGENT BOWERBIRD
2994.jpg,BORNEAN PHEASANT
2995.jpg,RED WISKERED BULBUL
2996.jpg,FLAMINGO
2997.jpg,BLACK SKIMMER
2998.jpg,PURPLE MARTIN
2999.jpg,SPOON BILED SANDPIPER
3000.jpg,GUINEAFOWL
3001.jpg,INDIAN BUSTARD
3002.jpg,PARUS MAJOR
3003.jpg,NORTHERN GOSHAWK
3004.jpg,RED FACED CORMORANT
3005.jpg,OCELLATED TURKEY
3006.jpg,NORTHERN FLICKER
3007.jpg,SPOON BILED SANDPIPER
3008.jpg,BLACK-NECKED GREBE
3009.jpg,D-ARNAUDS BARBET
3010.jpg,BALD EAGLE
3011.jpg,SAMATRAN THRUSH
3012.jpg,NORTHERN JACANA
3013.jpg,GOLDEN CHEEKED WARBLER
3014.jpg,GOLDEN PHEASANT
3015.jpg,GREEN JAY
3016.jpg,TAIWAN MAGPIE
3017.jpg,BANANAQUIT
3018.jpg,AMERICAN GOLDFINCH
3019.jpg,EASTERN ROSELLA
3020.jpg,MANDRIN DUCK
3021.jpg,ROBIN
3022.jpg,OCELLATED TURKEY
3023.jpg,EASTERN MEADOWLARK
3024.jpg,COMMON HOUSE MARTIN
3025.jpg,OSPREY
3026.jpg,OCELLATED TURKEY
3027.jpg,INCA TERN
3028.jpg,INCA TERN
3029.jpg,PYGMY KINGFISHER
3030.jpg,MOURNING DOVE
3031.jpg,GYRFALCON
3032.jpg,RUFUOS MOTMOT
3033.jpg,PURPLE GALLINULE
3034.jpg,BLACK-THROATED SPARROW
3035.jpg,NORTHERN FLICKER
3036.jpg,GREY PLOVER
3037.jpg,YELLOW CACIQUE
3038.jpg,AMERICAN AVOCET
3039.jpg,RAZORBILL
3040.jpg,BLACK VULTURE
3041.jpg,KAKAPO
3042.jpg,CHIPPING SPARROW
3043.jpg,OYSTER CATCHER
3044.jpg,ARARIPE MANAKIN
3045.jpg,KOOKABURRA
3046.jpg,RED WINGED BLACKBIRD
3047.jpg,SPANGLED COTINGA
3048.jpg,VARIED THRUSH
3049.jpg,BORNEAN PHEASANT
3050.jpg,AMERICAN KESTREL
3051.jpg,JABIRU
3052.jpg,PARAKETT  AKULET
3053.jpg,ORANGE BRESTED BUNTING
3054.jpg,GUINEA TURACO
3055.jpg,SNOWY OWL
3056.jpg,GOLDEN PHEASANT
3057.jpg,GOLDEN EAGLE
3058.jpg,BROWN THRASHER
3059.jpg,TRUMPTER SWAN
3060.jpg,KAKAPO
3061.jpg,SNOWY OWL
3062.jpg,MALAGASY WHITE EYE
3063.jpg,BLACK-THROATED SPARROW
3064.jpg,HORNBILL
3065.jpg,BEARDED BELLBIRD
3066.jpg,BROWN NOODY
3067.jpg,YELLOW CACIQUE
3068.jpg,KING VULTURE
3069.jpg,BROWN NOODY
3070.jpg,CERULEAN WARBLER
3071.jpg,BLACK THROATED WARBLER
3072.jpg,WILD TURKEY
3073.jpg,ANTBIRD
3074.jpg,BROWN CREPPER
3075.jpg,GOLD WING WARBLER
3076.jpg,GOULDIAN FINCH
3077.jpg,VARIED THRUSH
3078.jpg,RED TAILED THRUSH
3079.jpg,SNOWY OWL
3080.jpg,CURL CRESTED ARACURI
3081.jpg,VULTURINE GUINEAFOWL
3082.jpg,SAND MARTIN
3083.jpg,WHIMBREL
3084.jpg,LEARS MACAW
3085.jpg,WHITE TAILED TROPIC
3086.jpg,SUPERB STARLING
3087.jpg,TASMANIAN HEN
3088.jpg,GREEN MAGPIE
3089.jpg,BLACK & YELLOW bROADBILL
3090.jpg,MIKADO  PHEASANT
3091.jpg,TURQUOISE MOTMOT
3092.jpg,TEAL DUCK
3093.jpg,GAMBELS QUAIL
3094.jpg,BULWERS PHEASANT
3095.jpg,HOATZIN
3096.jpg,HOUSE SPARROW
3097.jpg,KILLDEAR
3098.jpg,YELLOW HEADED BLACKBIRD
3099.jpg,NORTHERN SHOVELER
3100.jpg,CRIMSON SUNBIRD
3101.jpg,YELLOW HEADED BLACKBIRD
3102.jpg,GO AWAY BIRD
3103.jpg,BALTIMORE ORIOLE
3104.jpg,NORTHERN PARULA
3105.jpg,ROADRUNNER
3106.jpg,SCARLET MACAW
3107.jpg,VARIED THRUSH
3108.jpg,PALILA
3109.jpg,ROUGH LEG BUZZARD
3110.jpg,SHOEBILL
3111.jpg,MASKED LAPWING
3112.jpg,BORNEAN BRISTLEHEAD
3113.jpg,RED WISKERED BULBUL
3114.jpg,RED HEADED DUCK
3115.jpg,YELLOW BELLIED FLOWERPECKER
3116.jpg,BLACK FRANCOLIN
3117.jpg,GRAY CATBIRD
3118.jpg,CANARY
3119.jpg,WHIMBREL
3120.jpg,NORTHERN JACANA
3121.jpg,INDIGO BUNTING
3122.jpg,AFRICAN FIREFINCH
3123.jpg,BLACK SKIMMER
3124.jpg,SNOWY EGRET
3125.jpg,SCARLET TANAGER
3126.jpg,ALBATROSS
3127.jpg,SCARLET TANAGER
3128.jpg,NORTHERN GANNET
3129.jpg,INDIAN PITTA
3130.jpg,PUFFIN
3131.jpg,NORTHERN BALD IBIS
3132.jpg,FLAME TANAGER
3133.jpg,GOLDEN PHEASANT
3134.jpg,COCK OF THE  ROCK
3135.jpg,DOWNY WOODPECKER
3136.jpg,COCK OF THE  ROCK
3137.jpg,HIMALAYAN MONAL
3138.jpg,SCARLET TANAGER
3139.jpg,NORTHERN JACANA
3140.jpg,PELICAN
3141.jpg,GOLDEN PHEASANT
3142.jpg,VERMILION FLYCATHER
3143.jpg,SCARLET TANAGER
3144.jpg,TRUMPTER SWAN
3145.jpg,ROADRUNNER
3146.jpg,BALD IBIS
3147.jpg,PUFFIN
3148.jpg,PUFFIN
3149.jpg,ROADRUNNER
3150.jpg,PUFFIN
3151.jpg,ASIAN CRESTED IBIS
3152.jpg,NORTHERN CARDINAL
3153.jpg,BAR-TAILED GODWIT
3154.jpg,VERMILION FLYCATHER
3155.jpg,HORNBILL
3156.jpg,SCARLET TANAGER
3157.jpg,NORTHERN CARDINAL
3158.jpg,MAGPIE GOOSE
3159.jpg,TRUMPTER SWAN
3160.jpg,AFRICAN FIREFINCH
3161.jpg,BAR-TAILED GODWIT
3162.jpg,NORTHERN BALD IBIS
3163.jpg,CACTUS WREN
3164.jpg,CACTUS WREN
3165.jpg,PUFFIN
3166.jpg,SCARLET TANAGER
3167.jpg,BEARDED REEDLING
3168.jpg,BAR-TAILED GODWIT
3169.jpg,SCARLET TANAGER
3170.jpg,CARMINE BEE-EATER
3171.jpg,GOLDEN PHEASANT
3172.jpg,PUFFIN
3173.jpg,SCARLET TANAGER
3174.jpg,BAR-TAILED GODWIT
3175.jpg,PELICAN
3176.jpg,PELICAN
3177.jpg,SNOWY EGRET
3178.jpg,PUFFIN
3179.jpg,INDIAN PITTA
3180.jpg,TURQUOISE MOTMOT
3181.jpg,GREATOR SAGE GROUSE
3182.jpg,INDIAN PITTA
3183.jpg,NORTHERN BALD IBIS
3184.jpg,NORTHERN BALD IBIS
3185.jpg,GOLDEN PHEASANT
3186.jpg,SNOWY EGRET
3187.jpg,COCK OF THE  ROCK
3188.jpg,NORTHERN CARDINAL
3189.jpg,GOLDEN PHEASANT
3190.jpg,GOLDEN PHEASANT
3191.jpg,SCARLET TANAGER
3192.jpg,COCK OF THE  ROCK
3193.jpg,TRUMPTER SWAN
3194.jpg,GOLDEN PHEASANT
3195.jpg,SRI LANKA BLUE MAGPIE
3196.jpg,SNOWY EGRET
3197.jpg,AFRICAN FIREFINCH
3198.jpg,GOLDEN PHEASANT
3199.jpg,GREEN MAGPIE
3200.jpg,PUFFIN
3201.jpg,INDIAN PITTA
3202.jpg,TRUMPTER SWAN
3203.jpg,BAR-TAILED GODWIT
3204.jpg,SCARLET TANAGER
3205.jpg,BAR-TAILED GODWIT
3206.jpg,AFRICAN FIREFINCH
3207.jpg,BLACK & YELLOW bROADBILL
3208.jpg,GOLDEN PHEASANT
3209.jpg,GOLDEN PHEASANT
3210.jpg,INDIAN PITTA
3211.jpg,VERMILION FLYCATHER
3212.jpg,SANDHILL CRANE
3213.jpg,SCARLET TANAGER
3214.jpg,TRUMPTER SWAN
3215.jpg,NORTHERN BALD IBIS
3216.jpg,ALBATROSS
3217.jpg,COCK OF THE  ROCK
3218.jpg,CACTUS WREN
3219.jpg,VERMILION FLYCATHER
3220.jpg,NORTHERN GANNET
3221.jpg,CACTUS WREN
3222.jpg,BALD IBIS
3223.jpg,SCARLET TANAGER
3224.jpg,BAR-TAILED GODWIT
3225.jpg,SCARLET TANAGER
3226.jpg,NORTHERN BALD IBIS
3227.jpg,SNOWY EGRET
3228.jpg,PELICAN
3229.jpg,BAR-TAILED GODWIT
3230.jpg,AFRICAN FIREFINCH
3231.jpg,GOLDEN PHEASANT
3232.jpg,COCK OF THE  ROCK
3233.jpg,VERMILION FLYCATHER
3234.jpg,SCARLET TANAGER
3235.jpg,NORTHERN CARDINAL
3236.jpg,SCARLET TANAGER
3237.jpg,TRUMPTER SWAN
3238.jpg,ROADRUNNER
3239.jpg,PUFFIN
3240.jpg,SNOWY EGRET
3241.jpg,BALD IBIS
3242.jpg,STEAMER DUCK
3243.jpg,AFRICAN FIREFINCH
